"日付け","終値","始値","高値","安値","出来高","変化率 %"
"2023-12-05","633.3","636.2","636.2","633.3","3.58M","-1.81%"
"2023-12-04","645.0","641.0","649.4","635.3","17.75M","1.00%"
"2023-12-01","638.6","636.9","642.9","633.6","14.13M","1.22%"
"2023-11-30","630.9","628.0","638.6","624.0","15.25M","0.43%"
"2023-11-29","628.2","633.1","639.8","621.1","14.85M","-1.37%"
"2023-11-28","636.9","638.8","640.3","632.6","9.85M","-0.47%"
"2023-11-27","639.9","647.1","648.6","631.7","17.20M","-1.04%"
"2023-11-24","646.6","654.3","656.2","643.6","13.86M","-0.84%"
"2023-11-22","652.1","655.0","661.6","650.0","13.72M","0.48%"
"2023-11-21","649.0","664.5","666.2","649.0","16.21M","-2.54%"
"2023-11-20","665.9","667.7","673.9","658.9","14.95M","0.59%"
"2023-11-17","662.0","649.0","662.0","646.1","18.73M","1.41%"
"2023-11-16","652.8","656.2","666.0","645.1","18.40M","-1.09%"
"2023-11-15","660.0","671.9","687.6","659.3","27.85M","-0.66%"
"2023-11-14","664.4","664.0","669.1","653.8","15.55M","0.32%"
"2023-11-13","662.3","658.1","666.8","655.9","14.70M","0.91%"
"2023-11-10","656.3","649.0","657.6","643.6","14.47M","0.38%"
"2023-11-09","653.8","643.0","657.3","632.5","20.57M","1.79%"
"2023-11-08","642.3","669.9","675.5","641.1","31.51M","-3.22%"
"2023-11-07","663.7","688.3","694.9","660.6","25.73M","-3.90%"
"2023-11-06","690.6","688.9","698.1","676.1","35.40M","2.31%"
"2023-11-02","675.0","649.6","675.5","644.0","43.58M","4.88%"
"2023-11-01","643.6","649.0","659.0","637.5","34.50M","1.04%"
"2023-10-31","637.0","645.0","645.0","628.3","22.03M","-0.53%"
"2023-10-30","640.4","647.2","652.4","635.3","23.46M","-0.57%"
"2023-10-27","644.1","638.9","646.7","629.0","20.31M","0.88%"
"2023-10-26","638.5","639.0","639.4","621.5","20.86M","1.24%"
"2023-10-25","630.7","634.8","642.9","629.8","20.11M","0.82%"
"2023-10-24","625.6","636.9","638.0","614.0","22.18M","-1.39%"
"2023-10-23","634.4","636.5","644.5","634.0","16.63M","-0.28%"
"2023-10-20","636.2","645.0","656.4","626.0","33.27M","-1.29%"
"2023-10-19","644.5","636.2","646.7","635.0","20.50M","0.26%"
"2023-10-18","642.8","646.0","646.8","631.4","19.07M","0.48%"
"2023-10-17","639.7","637.0","646.0","633.8","17.83M","1.52%"
"2023-10-16","630.1","631.0","643.7","628.1","18.09M","-1.45%"
"2023-10-13","639.4","632.2","644.5","628.2","20.70M","0.31%"
"2023-10-12","637.4","643.1","657.5","633.3","30.84M","0.17%"
"2023-10-11","636.3","623.8","641.6","614.3","40.67M","3.30%"
"2023-10-10","616.0","600.5","616.9","600.1","26.38M","3.36%"
"2023-10-06","596.0","592.9","606.1","589.0","27.22M","0.30%"
"2023-10-05","594.2","597.7","604.0","588.0","32.80M","2.63%"
"2023-10-04","579.0","607.0","610.7","578.0","42.97M","-6.01%"
"2023-10-03","616.0","640.0","640.1","615.7","32.30M","-5.23%"
"2023-10-02","650.0","678.0","683.7","649.5","28.85M","-2.81%"
"2023-09-29","668.8","682.6","687.8","662.6","30.58M","-3.09%"
"2023-09-28","690.1","687.2","697.8","682.2","26.37M","-0.16%"
"2023-09-27","691.2","700.4","701.0","678.0","36.53M","-2.11%"
"2023-09-26","706.1","703.2","711.7","692.6","28.48M","0.01%"
"2023-09-25","706.0","707.0","708.9","690.3","29.87M","0.38%"
"2023-09-22","703.3","721.0","721.1","692.5","43.35M","-2.47%"
"2023-09-21","721.1","682.7","725.0","681.3","56.29M","5.07%"
"2023-09-20","686.3","704.0","706.0","683.2","25.84M","-1.80%"
"2023-09-19","698.9","693.6","699.7","684.2","25.26M","0.34%"
"2023-09-15","696.5","680.1","716.6","679.0","71.59M","3.60%"
"2023-09-14","672.3","659.0","675.8","657.0","48.21M","2.91%"
"2023-09-13","653.3","650.0","657.8","644.0","28.69M","1.65%"
"2023-09-12","642.7","638.0","644.8","635.5","21.04M","1.29%"
"2023-09-11","634.5","633.0","643.8","632.6","21.36M","0.67%"
"2023-09-08","630.3","618.0","637.8","616.2","29.60M","1.66%"
"2023-09-07","620.0","625.0","629.4","615.6","18.58M","-0.96%"
"2023-09-06","626.0","635.0","639.9","624.2","21.30M","-0.93%"
"2023-09-05","631.9","627.0","631.9","624.7","15.33M","0.16%"
"2023-09-04","630.9","637.9","637.9","624.3","25.78M","-1.02%"
"2023-09-01","637.4","636.4","640.9","633.3","25.01M","-0.41%"
"2023-08-31","640.0","640.0","649.2","636.3","30.03M","0.30%"
"2023-08-30","638.1","648.0","648.1","635.4","42.51M","-1.94%"
"2023-08-29","650.7","621.0","658.9","618.3","75.75M","5.31%"
"2023-08-28","617.9","615.0","620.4","612.0","23.58M","1.56%"
"2023-08-25","608.4","603.0","611.2","598.8","23.05M","-0.23%"
"2023-08-24","609.8","608.0","619.4","597.0","39.59M","-0.51%"
"2023-08-23","612.9","607.0","623.8","605.7","34.37M","0.28%"
"2023-08-22","611.2","608.9","613.5","597.3","26.84M","0.69%"
"2023-08-21","607.0","589.9","621.5","588.4","43.98M","4.15%"
"2023-08-18","582.8","597.0","599.9","579.9","27.68M","-3.72%"
"2023-08-17","605.3","610.9","619.7","595.6","34.25M","-0.98%"
"2023-08-16","611.3","590.9","619.8","590.1","46.09M","1.73%"
"2023-08-15","600.9","583.0","607.6","579.7","41.24M","2.39%"
"2023-08-14","586.9","584.6","591.9","579.1","23.78M","1.00%"
"2023-08-10","581.1","570.2","582.7","569.9","16.61M","1.18%"
"2023-08-09","574.3","575.7","578.0","569.5","17.35M","0.58%"
"2023-08-08","571.0","564.1","573.1","561.6","22.76M","1.89%"
"2023-08-07","560.4","565.0","570.9","558.3","20.68M","-1.82%"
"2023-08-04","570.8","569.5","572.1","556.1","26.53M","-0.35%"
"2023-08-03","572.8","570.0","577.0","548.8","39.53M","1.58%"
"2023-08-02","563.9","582.5","583.3","559.0","39.12M","-4.42%"
"2023-08-01","590.0","563.9","590.2","560.8","44.09M","4.42%"
"2023-07-31","565.0","555.0","565.0","552.5","39.84M","3.54%"
"2023-07-28","545.7","546.0","551.5","528.2","40.24M","-1.28%"
"2023-07-27","552.8","533.3","554.9","531.8","36.47M","3.39%"
"2023-07-26","534.7","524.2","536.8","521.9","23.49M","2.08%"
"2023-07-25","523.8","525.8","530.0","519.5","19.03M","-0.23%"
"2023-07-24","525.0","514.1","525.7","514.0","19.37M","2.64%"
"2023-07-21","511.5","508.0","514.5","503.1","18.81M","1.63%"
"2023-07-20","503.3","505.0","510.4","502.4","12.55M","-0.08%"
"2023-07-19","503.7","504.8","508.3","500.7","11.06M","0.36%"
"2023-07-18","501.9","496.4","505.5","494.1","15.53M","0.12%"
"2023-07-14","501.3","513.0","516.7","499.0","22.92M","-2.19%"
"2023-07-13","512.5","507.0","513.8","506.1","13.12M","0.47%"
"2023-07-12","510.1","515.5","516.2","507.3","14.51M","-0.68%"
"2023-07-11","513.6","515.9","519.0","511.2","16.22M","-0.33%"
"2023-07-10","515.3","528.5","528.9","515.0","22.44M","-1.87%"
"2023-07-07","525.1","540.4","540.4","524.0","31.48M","-3.23%"
"2023-07-06","542.6","540.1","559.0","537.8","37.62M","0.39%"
"2023-07-05","540.5","540.0","555.8","537.7","34.53M","0.69%"
"2023-07-04","536.8","538.1","538.5","530.1","20.66M","0.39%"
"2023-07-03","534.7","521.4","537.0","521.4","21.76M","1.44%"
"2023-06-30","527.1","529.9","536.2","523.1","22.81M","-0.21%"
"2023-06-29","528.2","525.5","529.2","519.3","19.67M","0.06%"
"2023-06-28","527.9","519.7","530.7","515.3","23.51M","1.66%"
"2023-06-27","519.3","535.1","539.5","516.3","29.20M","-1.50%"
"2023-06-26","527.2","548.6","550.0","525.6","40.25M","-4.63%"
"2023-06-23","552.8","520.5","555.6","518.7","83.30M","6.31%"
"2023-06-22","520.0","509.7","524.3","509.3","41.72M","2.67%"
"2023-06-21","506.5","498.0","509.1","497.2","20.16M","1.16%"
"2023-06-20","500.7","504.6","506.9","498.2","17.52M","-1.09%"
"2023-06-19","506.2","508.0","512.0","501.4","18.43M","-0.14%"
"2023-06-16","506.9","490.9","508.6","489.0","36.09M","2.84%"
"2023-06-15","492.9","498.2","502.1","492.5","25.37M","-1.42%"
"2023-06-14","500.0","506.0","509.0","496.2","30.17M","-1.22%"
"2023-06-13","506.2","501.3","512.3","497.6","32.29M","0.36%"
"2023-06-12","504.4","530.0","530.3","502.6","42.96M","-3.89%"
"2023-06-09","524.8","515.9","526.0","510.1","44.15M","2.90%"
"2023-06-08","510.0","500.0","522.0","499.3","48.55M","3.39%"
"2023-06-07","493.3","496.0","505.8","489.4","35.30M","-0.48%"
"2023-06-06","495.7","504.0","505.0","493.2","29.71M","-1.45%"
"2023-06-05","503.0","525.0","532.9","502.1","50.07M","-3.64%"
"2023-06-02","522.0","502.0","523.0","497.0","58.56M","4.40%"
"2023-06-01","500.0","483.0","501.0","479.0","30.14M","3.95%"
"2023-05-31","481.0","487.0","491.0","479.0","28.23M","-1.23%"
"2023-05-30","487.0","481.0","487.0","478.0","13.06M","1.46%"
"2023-05-29","480.0","477.0","480.0","474.0","14.26M","0.63%"
"2023-05-26","477.0","482.0","485.0","477.0","19.03M","-1.85%"
"2023-05-25","486.0","486.0","494.0","479.0","18.88M","-1.02%"
"2023-05-24","491.0","478.0","500.0","477.0","42.16M","3.37%"
"2023-05-23","475.0","477.0","479.0","472.0","19.14M","-0.42%"
"2023-05-22","477.0","476.0","480.0","472.0","17.30M","0.42%"
"2023-05-19","475.0","481.0","484.0","472.0","26.88M","-1.25%"
"2023-05-18","481.0","502.0","504.0","480.0","39.01M","-4.75%"
"2023-05-17","505.0","521.0","528.0","503.0","40.64M","-3.26%"
"2023-05-16","522.0","511.0","530.0","501.0","59.03M","2.35%"
"2023-05-15","510.0","504.0","514.0","498.0","22.44M","2.20%"
"2023-05-12","499.0","487.0","504.0","484.0","25.37M","2.67%"
"2023-05-11","486.0","491.0","494.0","484.0","13.31M","-1.22%"
"2023-05-10","492.0","497.0","498.0","490.0","11.46M","-0.81%"
"2023-05-09","496.0","490.0","496.0","487.0","12.78M","1.43%"
"2023-05-08","489.0","486.0","499.0","485.0","18.30M","0.62%"
"2023-05-02","486.0","492.0","494.0","486.0","16.65M","-1.62%"
"2023-05-01","494.0","487.0","503.0","484.0","27.85M","1.44%"
"2023-04-28","487.0","485.0","489.0","478.0","15.88M","1.46%"
"2023-04-27","480.0","478.0","480.0","471.0","13.29M","0.21%"
"2023-04-26","479.0","489.0","490.0","475.0","19.83M","-2.24%"
"2023-04-25","490.0","502.0","505.0","490.0","17.79M","-2.00%"
"2023-04-24","500.0","505.0","509.0","500.0","13.33M","-0.99%"
"2023-04-21","505.0","490.0","509.0","486.0","30.51M","3.27%"
"2023-04-20","489.0","489.0","492.0","488.0","7.86M","-0.41%"
"2023-04-19","491.0","492.0","493.0","488.0","10.19M","-0.61%"
"2023-04-18","494.0","489.0","496.0","489.0","12.03M","1.02%"
"2023-04-17","489.0","497.0","497.0","487.0","15.35M","-1.61%"
"2023-04-14","497.0","490.0","498.0","487.0","14.85M","1.64%"
"2023-04-13","489.0","498.0","499.0","487.0","12.60M","-1.41%"
"2023-04-12","496.0","499.0","501.0","491.0","12.41M","-0.20%"
"2023-04-11","497.0","491.0","498.0","491.0","12.24M","1.43%"
"2023-04-10","490.0","491.0","501.0","486.0","16.27M","0.82%"
"2023-04-07","486.0","497.0","498.0","485.0","12.34M","-2.02%"
"2023-04-06","496.0","485.0","506.0","485.0","31.17M","2.27%"
"2023-04-05","485.0","488.0","493.0","481.0","13.31M","-0.82%"
"2023-04-04","489.0","485.0","497.0","484.0","22.96M","1.45%"
"2023-04-03","482.0","475.0","483.0","472.0","14.59M","1.90%"
"2023-03-31","473.0","478.0","486.0","472.0","20.07M","-0.84%"
"2023-03-30","477.0","458.0","478.0","457.0","23.19M","3.92%"
"2023-03-29","459.0","450.0","459.0","449.0","15.88M","2.46%"
"2023-03-28","448.0","450.0","452.0","441.0","15.07M","0.22%"
"2023-03-27","447.0","455.0","456.0","445.0","11.05M","-1.32%"
"2023-03-24","453.0","447.0","455.0","445.0","11.56M","0.89%"
"2023-03-23","449.0","444.0","450.0","440.0","10.77M","0.22%"
"2023-03-22","448.0","449.0","452.0","441.0","17.28M","1.13%"
"2023-03-20","443.0","457.0","458.0","442.0","20.10M","-3.28%"
"2023-03-17","458.0","460.0","466.0","458.0","14.12M","-0.65%"
"2023-03-16","461.0","447.0","462.0","444.0","16.61M","0.66%"
"2023-03-15","458.0","453.0","459.0","450.0","12.09M","2.23%"
"2023-03-14","448.0","452.0","453.0","441.0","18.81M","-1.97%"
"2023-03-13","457.0","463.0","464.0","454.0","10.89M","-2.35%"
"2023-03-10","468.0","462.0","471.0","462.0","12.65M","0.00%"
"2023-03-09","468.0","467.0","475.0","464.0","15.90M","0.43%"
"2023-03-08","466.0","460.0","466.0","460.0","9.70M","0.43%"
"2023-03-07","464.0","461.0","466.0","459.0","11.44M","1.31%"
"2023-03-06","458.0","455.0","462.0","455.0","11.72M","0.88%"
"2023-03-03","454.0","451.0","454.0","445.0","13.88M","1.79%"
"2023-03-02","446.0","452.0","454.0","445.0","12.16M","-1.76%"
"2023-03-01","454.0","450.0","455.0","445.0","16.35M","0.44%"
"2023-02-28","452.0","451.0","456.0","451.0","12.47M","-0.88%"
"2023-02-27","456.0","459.0","459.0","450.0","13.21M","-1.72%"
"2023-02-24","464.0","469.0","471.0","461.0","11.82M","-1.49%"
"2023-02-22","471.0","480.0","481.0","466.0","17.97M","-1.67%"
"2023-02-21","479.0","480.0","480.0","472.0","12.82M","-0.21%"
"2023-02-20","480.0","471.0","480.0","469.0","13.12M","2.13%"
"2023-02-17","470.0","461.0","474.0","461.0","18.53M","1.51%"
"2023-02-16","463.0","460.0","464.0","459.0","12.14M","0.43%"
"2023-02-15","461.0","460.0","463.0","458.0","9.89M","-0.22%"
"2023-02-14","462.0","462.0","463.0","459.0","11.15M","0.87%"
"2023-02-13","458.0","460.0","465.0","457.0","12.03M","0.22%"
"2023-02-10","457.0","457.0","460.0","453.0","9.07M","0.22%"
"2023-02-09","456.0","460.0","462.0","456.0","8.51M","-1.51%"
"2023-02-08","463.0","464.0","466.0","460.0","11.09M","0.87%"
"2023-02-07","459.0","463.0","466.0","457.0","13.77M","0.88%"
"2023-02-06","455.0","447.0","459.0","447.0","15.49M","1.79%"
"2023-02-03","447.0","450.0","453.0","440.0","28.96M","-2.61%"
"2023-02-02","459.0","467.0","474.0","455.0","34.05M","-3.97%"
"2023-02-01","478.0","482.0","486.0","475.0","23.19M","-1.44%"
"2023-01-31","485.0","470.0","487.0","470.0","34.50M","3.85%"
"2023-01-30","467.0","472.0","473.0","463.0","17.10M","-1.27%"
"2023-01-27","473.0","470.0","480.0","467.0","21.56M","0.64%"
"2023-01-26","470.0","469.0","471.0","463.0","16.40M","0.86%"
"2023-01-25","466.0","452.0","470.0","450.0","28.11M","3.10%"
"2023-01-24","452.0","452.0","454.0","440.0","28.28M","1.57%"
"2023-01-23","445.0","456.0","456.0","442.0","21.65M","-1.55%"
"2023-01-20","452.0","438.0","453.0","437.0","20.17M","3.20%"
"2023-01-19","438.0","441.0","444.0","436.0","15.33M","-1.79%"
"2023-01-18","446.0","438.0","447.0","437.0","20.45M","3.00%"
"2023-01-17","433.0","433.0","438.0","430.0","13.99M","0.23%"
"2023-01-16","432.0","429.0","440.0","426.0","14.42M","0.00%"
"2023-01-13","432.0","417.0","435.0","416.0","23.59M","1.65%"
"2023-01-12","425.0","433.0","433.0","422.0","22.85M","-2.30%"
"2023-01-11","435.0","438.0","447.0","435.0","18.85M","-0.23%"
"2023-01-10","436.0","454.0","454.0","436.0","32.30M","-4.18%"
"2023-01-06","455.0","457.0","459.0","448.0","18.76M","-1.09%"
"2023-01-05","460.0","459.0","466.0","457.0","13.84M","0.22%"
"2023-01-04","459.0","479.0","482.0","459.0","26.33M","-3.57%"
"2022-12-30","476.0","479.0","482.0","472.0","19.50M","-1.24%"
"2022-12-29","482.0","483.0","488.0","478.0","14.99M","0.00%"
"2022-12-28","482.0","480.0","487.0","478.0","18.90M","-0.21%"
"2022-12-27","483.0","497.0","500.0","483.0","23.12M","-1.83%"
"2022-12-26","492.0","514.0","517.0","492.0","28.15M","-4.28%"
"2022-12-23","514.0","514.0","544.0","509.0","80.28M","3.01%"
"2022-12-22","499.0","501.0","503.0","492.0","16.45M","1.01%"
"2022-12-21","494.0","504.0","505.0","493.0","14.09M","-1.00%"
"2022-12-20","499.0","504.0","513.0","491.0","22.04M","0.20%"
"2022-12-19","498.0","495.0","506.0","494.0","14.12M","-0.99%"
"2022-12-16","503.0","508.0","510.0","502.0","21.34M","-1.76%"
"2022-12-15","512.0","511.0","527.0","507.0","27.41M","-0.19%"
"2022-12-14","513.0","510.0","519.0","506.0","13.70M","1.18%"
"2022-12-13","507.0","511.0","514.0","505.0","14.71M","-0.59%"
"2022-12-12","510.0","516.0","520.0","507.0","16.35M","-1.16%"
"2022-12-09","516.0","497.0","521.0","496.0","31.01M","5.52%"
"2022-12-08","489.0","489.0","497.0","487.0","14.39M","-1.21%"
"2022-12-07","495.0","487.0","499.0","484.0","17.57M","2.06%"
"2022-12-06","485.0","485.0","490.0","481.0","9.03M","-0.21%"
"2022-12-05","486.0","492.0","492.0","478.0","15.83M","-1.62%"
"2022-12-02","494.0","490.0","494.0","482.0","21.09M","0.20%"
"2022-12-01","493.0","504.0","505.0","492.0","17.17M","-1.20%"
"2022-11-30","499.0","518.0","523.0","499.0","29.62M","-3.29%"
"2022-11-29","516.0","527.0","533.0","509.0","27.77M","-2.27%"
"2022-11-28","528.0","517.0","535.0","515.0","32.13M","0.96%"
"2022-11-25","523.0","506.0","526.0","506.0","38.37M","4.60%"
"2022-11-24","500.0","480.0","506.0","476.0","30.43M","4.38%"
"2022-11-22","479.0","466.0","488.0","466.0","27.35M","3.23%"
"2022-11-21","464.0","460.0","464.0","460.0","9.67M","0.87%"
"2022-11-18","460.0","457.0","462.0","456.0","10.91M","0.88%"
"2022-11-17","456.0","453.0","457.0","450.0","8.20M","0.88%"
"2022-11-16","452.0","453.0","455.0","450.0","9.44M","-0.22%"
"2022-11-15","453.0","456.0","457.0","450.0","11.34M","-0.88%"
"2022-11-14","457.0","460.0","461.0","453.0","14.12M","-1.72%"
"2022-11-11","465.0","468.0","474.0","460.0","16.11M","0.43%"
"2022-11-10","463.0","457.0","465.0","455.0","11.47M","1.09%"
"2022-11-09","458.0","464.0","465.0","456.0","10.98M","-1.08%"
"2022-11-08","463.0","455.0","472.0","454.0","18.77M","2.21%"
"2022-11-07","453.0","458.0","463.0","453.0","12.24M","-1.09%"
"2022-11-04","458.0","452.0","468.0","451.0","22.12M","0.44%"
"2022-11-02","456.0","476.0","476.0","456.0","38.08M","-5.20%"
"2022-11-01","481.0","488.0","489.0","477.0","14.59M","-0.82%"
"2022-10-31","485.0","487.0","489.0","482.0","11.63M","0.41%"
"2022-10-28","483.0","482.0","487.0","480.0","23.29M","-0.21%"
"2022-10-27","484.0","472.0","488.0","471.0","17.64M","2.54%"
"2022-10-26","472.0","479.0","479.0","469.0","12.85M","-1.46%"
"2022-10-25","479.0","480.0","486.0","475.0","11.08M","0.63%"
"2022-10-24","476.0","485.0","486.0","476.0","11.92M","-0.21%"
"2022-10-21","477.0","480.0","481.0","471.0","11.07M","-1.04%"
"2022-10-20","482.0","490.0","492.0","477.0","17.48M","-1.63%"
"2022-10-19","490.0","479.0","496.0","478.0","23.16M","2.73%"
"2022-10-18","477.0","470.0","479.0","466.0","14.89M","1.71%"
"2022-10-17","469.0","463.0","473.0","462.0","14.39M","0.64%"
"2022-10-14","466.0","459.0","470.0","455.0","22.71M","3.79%"
"2022-10-13","449.0","456.0","457.0","445.0","16.21M","-1.75%"
"2022-10-12","457.0","470.0","470.0","454.0","16.63M","-2.35%"
"2022-10-11","468.0","465.0","471.0","464.0","15.56M","1.30%"
"2022-10-07","462.0","457.0","463.0","456.0","11.92M","0.22%"
"2022-10-06","461.0","472.0","480.0","460.0","21.25M","-1.50%"
"2022-10-05","468.0","473.0","481.0","465.0","21.75M","-1.06%"
"2022-10-04","473.0","463.0","475.0","463.0","30.48M","5.58%"
"2022-10-03","448.0","456.0","457.0","441.0","28.79M","-3.03%"
"2022-09-30","462.0","466.0","483.0","458.0","25.08M","-1.91%"
"2022-09-29","471.0","463.0","472.0","460.0","18.72M","1.95%"
"2022-09-28","462.0","462.0","467.0","452.0","20.50M","-1.07%"
"2022-09-27","467.0","463.0","478.0","460.0","15.03M","0.43%"
"2022-09-26","465.0","461.0","472.0","456.0","16.58M","-0.64%"
"2022-09-22","468.0","460.0","469.0","452.0","22.24M","0.43%"
"2022-09-21","466.0","479.0","479.0","466.0","21.75M","-3.72%"
"2022-09-20","484.0","489.0","493.0","484.0","11.39M","0.00%"
"2022-09-16","484.0","486.0","487.0","476.0","23.52M","-0.82%"
"2022-09-15","488.0","488.0","494.0","486.0","10.77M","0.00%"
"2022-09-14","488.0","487.0","494.0","483.0","23.98M","-1.81%"
"2022-09-13","497.0","502.0","503.0","492.0","17.44M","-0.80%"
"2022-09-12","501.0","508.0","509.0","499.0","10.69M","-1.18%"
"2022-09-09","507.0","499.0","507.0","496.0","13.95M","0.80%"
"2022-09-08","503.0","507.0","510.0","501.0","13.29M","0.40%"
"2022-09-07","501.0","499.0","503.0","494.0","16.53M","-0.79%"
"2022-09-06","505.0","526.0","528.0","505.0","24.72M","-4.36%"
"2022-09-05","528.0","527.0","532.0","524.0","10.80M","0.19%"
"2022-09-02","527.0","531.0","531.0","521.0","16.58M","-1.31%"
"2022-09-01","534.0","540.0","543.0","531.0","18.42M","-1.84%"
"2022-08-31","544.0","541.0","552.0","537.0","28.57M","-0.18%"
"2022-08-30","545.0","538.0","551.0","531.0","31.00M","3.42%"
"2022-08-29","527.0","546.0","554.0","524.0","52.01M","-5.22%"
"2022-08-26","556.0","547.0","567.0","542.0","47.48M","1.09%"
"2022-08-25","550.0","566.0","570.0","542.0","102.86M","-0.36%"
"2022-08-24","552.0","517.0","563.0","509.0","115.47M","9.96%"
"2022-08-23","502.0","508.0","508.0","498.0","15.87M","-1.18%"
"2022-08-22","508.0","507.0","511.0","498.0","12.24M","0.40%"
"2022-08-19","506.0","505.0","508.0","498.0","13.68M","0.20%"
"2022-08-18","505.0","511.0","517.0","501.0","18.01M","-0.98%"
"2022-08-17","510.0","494.0","524.0","493.0","43.19M","3.66%"
"2022-08-16","492.0","492.0","494.0","482.0","11.97M","0.41%"
"2022-08-15","490.0","498.0","500.0","485.0","18.63M","-1.80%"
"2022-08-12","499.0","506.0","506.0","496.0","19.03M","-0.20%"
"2022-08-10","500.0","494.0","506.0","488.0","22.53M","2.25%"
"2022-08-09","489.0","490.0","500.0","487.0","17.69M","-0.81%"
"2022-08-08","493.0","474.0","495.0","473.0","22.73M","4.45%"
"2022-08-05","472.0","468.0","478.0","465.0","23.01M","-0.84%"
"2022-08-04","476.0","495.0","495.0","474.0","27.05M","-3.45%"
"2022-08-03","493.0","501.0","507.0","485.0","35.29M","-2.95%"
"2022-08-02","508.0","507.0","520.0","504.0","24.80M","-0.39%"
"2022-08-01","510.0","519.0","520.0","501.0","26.00M","-2.49%"
"2022-07-29","523.0","514.0","525.0","507.0","24.09M","0.77%"
"2022-07-28","519.0","500.0","528.0","489.0","55.19M","4.22%"
"2022-07-27","498.0","507.0","509.0","496.0","27.76M","-0.99%"
"2022-07-26","503.0","519.0","524.0","495.0","32.88M","-1.76%"
"2022-07-25","512.0","519.0","533.0","511.0","31.72M","-1.35%"
"2022-07-22","519.0","566.0","566.0","519.0","49.13M","-8.30%"
"2022-07-21","566.0","567.0","577.0","565.0","19.32M","-1.74%"
"2022-07-20","576.0","581.0","582.0","572.0","17.26M","0.17%"
"2022-07-19","575.0","578.0","587.0","567.0","26.29M","-2.38%"
"2022-07-15","589.0","616.0","617.0","583.0","55.14M","-0.34%"
"2022-07-14","591.0","635.0","637.0","576.0","97.84M","-7.66%"
"2022-07-13","640.0","609.0","649.0","601.0","58.83M","5.26%"
"2022-07-12","608.0","620.0","635.0","604.0","37.10M","-1.78%"
"2022-07-11","619.0","640.0","641.0","614.0","46.90M","0.00%"
"2022-07-08","619.0","616.0","636.0","605.0","47.92M","1.48%"
"2022-07-07","610.0","619.0","631.0","606.0","41.93M","-0.33%"
"2022-07-06","612.0","635.0","636.0","591.0","78.86M","-6.28%"
"2022-07-05","653.0","655.0","664.0","635.0","84.52M","-0.15%"
"2022-07-04","654.0","588.0","659.0","587.0","136.25M","12.95%"
"2022-07-01","579.0","572.0","590.0","566.0","59.77M","2.12%"
"2022-06-30","567.0","588.0","590.0","553.0","71.48M","-2.07%"
"2022-06-29","579.0","549.0","584.0","546.0","94.75M","5.27%"
"2022-06-28","550.0","514.0","550.0","509.0","72.39M","7.21%"
"2022-06-27","513.0","483.0","518.0","477.0","44.94M","7.55%"
"2022-06-24","477.0","478.0","478.0","469.0","14.19M","0.85%"
"2022-06-23","473.0","467.0","478.0","467.0","9.93M","0.42%"
"2022-06-22","471.0","475.0","478.0","462.0","15.72M","0.86%"
"2022-06-21","467.0","457.0","470.0","456.0","13.88M","2.19%"
"2022-06-20","457.0","473.0","474.0","452.0","24.08M","-3.79%"
"2022-06-17","475.0","478.0","479.0","467.0","26.88M","-2.06%"
"2022-06-16","485.0","496.0","498.0","484.0","19.28M","-1.42%"
"2022-06-15","492.0","503.0","514.0","490.0","28.79M","-1.20%"
"2022-06-14","498.0","503.0","505.0","496.0","19.16M","-2.16%"
"2022-06-13","509.0","502.0","515.0","502.0","17.88M","0.20%"
"2022-06-10","508.0","524.0","524.0","501.0","38.46M","-2.87%"
"2022-06-09","523.0","530.0","536.0","523.0","32.31M","-0.95%"
"2022-06-08","528.0","503.0","529.0","499.0","55.83M","5.18%"
"2022-06-07","502.0","496.0","502.0","486.0","22.37M","2.03%"
"2022-06-06","492.0","507.0","516.0","492.0","37.81M","-2.96%"
"2022-06-03","507.0","492.0","507.0","488.0","33.37M","2.63%"
"2022-06-02","494.0","491.0","519.0","482.0","57.67M","0.82%"
"2022-06-01","490.0","477.0","490.0","474.0","25.11M","1.87%"
"2022-05-31","481.0","483.0","491.0","478.0","24.47M","-1.03%"
"2022-05-30","486.0","498.0","499.0","476.0","32.45M","-2.80%"
"2022-05-27","500.0","505.0","507.0","490.0","26.50M","-0.40%"
"2022-05-26","502.0","508.0","513.0","494.0","25.51M","-1.18%"
"2022-05-25","508.0","499.0","524.0","497.0","46.49M","1.40%"
"2022-05-24","501.0","504.0","504.0","493.0","17.59M","0.00%"
"2022-05-23","501.0","494.0","501.0","492.0","15.15M","1.62%"
"2022-05-20","493.0","506.0","507.0","489.0","22.61M","-2.57%"
"2022-05-19","506.0","497.0","507.0","492.0","21.10M","0.00%"
"2022-05-18","506.0","491.0","508.0","482.0","27.08M","3.90%"
"2022-05-17","487.0","501.0","505.0","483.0","22.12M","-2.60%"
"2022-05-16","500.0","509.0","509.0","496.0","17.26M","-0.99%"
"2022-05-13","505.0","500.0","510.0","485.0","27.64M","-0.39%"
"2022-05-12","507.0","511.0","517.0","506.0","25.06M","0.40%"
"2022-05-11","505.0","505.0","514.0","495.0","35.58M","-2.70%"
"2022-05-10","519.0","523.0","531.0","512.0","37.88M","-1.14%"
"2022-05-09","525.0","528.0","542.0","518.0","65.49M","-0.94%"
"2022-05-06","530.0","464.0","532.0","463.0","116.28M","16.23%"
"2022-05-02","456.0","460.0","463.0","445.0","28.51M","1.79%"
"2022-04-28","448.0","444.0","449.0","437.0","20.37M","0.00%"
"2022-04-27","448.0","466.0","468.0","444.0","41.40M","-1.32%"
"2022-04-26","454.0","449.0","461.0","443.0","24.38M","0.89%"
"2022-04-25","450.0","455.0","465.0","448.0","27.28M","-3.02%"
"2022-04-22","464.0","463.0","471.0","453.0","38.29M","-0.85%"
"2022-04-21","468.0","489.0","496.0","466.0","47.25M","-4.29%"
"2022-04-20","489.0","490.0","497.0","475.0","57.95M","0.41%"
"2022-04-19","487.0","479.0","497.0","466.0","69.69M","3.18%"
"2022-04-18","472.0","482.0","486.0","465.0","55.45M","-2.28%"
"2022-04-15","483.0","471.0","487.0","462.0","97.57M","1.26%"
"2022-04-14","477.0","440.0","480.0","438.0","105.14M","9.66%"
"2022-04-13","435.0","438.0","440.0","418.0","60.82M","1.87%"
"2022-04-12","427.0","446.0","475.0","417.0","150.51M","-3.83%"
"2022-04-11","444.0","398.0","448.0","398.0","125.65M","16.23%"
"2022-04-08","382.0","379.0","384.0","373.0","12.85M","1.60%"
"2022-04-07","376.0","374.0","376.0","367.0","13.25M","-1.05%"
"2022-04-06","380.0","385.0","390.0","378.0","14.74M","-2.06%"
"2022-04-05","388.0","392.0","395.0","386.0","16.00M","-2.02%"
"2022-04-04","396.0","407.0","407.0","388.0","19.75M","-1.25%"
"2022-04-01","401.0","403.0","404.0","388.0","21.81M","-0.50%"
"2022-03-31","403.0","406.0","421.0","402.0","35.38M","-1.95%"
"2022-03-30","411.0","398.0","413.0","389.0","39.57M","4.31%"
"2022-03-29","394.0","391.0","395.0","379.0","21.01M","1.03%"
"2022-03-28","390.0","386.0","392.0","382.0","17.93M","2.36%"
"2022-03-25","381.0","381.0","384.0","378.0","14.23M","0.26%"
"2022-03-24","380.0","385.0","386.0","377.0","15.50M","-2.06%"
"2022-03-23","388.0","389.0","390.0","369.0","28.02M","0.26%"
"2022-03-22","387.0","384.0","397.0","381.0","44.27M","3.48%"
"2022-03-18","374.0","371.0","377.0","367.0","32.88M","1.91%"
"2022-03-17","367.0","358.0","369.0","354.0","28.29M","1.38%"
"2022-03-16","362.0","342.0","362.0","340.0","27.11M","8.38%"
"2022-03-15","334.0","324.0","335.0","324.0","15.13M","2.77%"
"2022-03-14","325.0","331.0","332.0","319.0","20.76M","0.00%"
"2022-03-11","325.0","330.0","335.0","324.0","16.78M","-1.52%"
"2022-03-10","330.0","337.0","339.0","328.0","21.87M","-0.60%"
"2022-03-09","332.0","353.0","353.0","332.0","28.39M","-7.00%"
"2022-03-08","357.0","370.0","372.0","355.0","18.64M","-5.31%"
"2022-03-07","377.0","380.0","385.0","372.0","22.43M","0.80%"
"2022-03-04","374.0","396.0","401.0","366.0","35.99M","-3.61%"
"2022-03-03","388.0","390.0","400.0","383.0","28.47M","0.78%"
"2022-03-02","385.0","390.0","397.0","383.0","24.46M","-0.77%"
"2022-03-01","388.0","370.0","389.0","369.0","31.64M","7.18%"
"2022-02-28","362.0","357.0","366.0","357.0","17.30M","2.26%"
"2022-02-25","354.0","356.0","366.0","353.0","15.12M","-1.67%"
"2022-02-24","360.0","363.0","369.0","355.0","19.90M","-1.64%"
"2022-02-22","366.0","362.0","367.0","362.0","12.49M","-0.27%"
"2022-02-21","367.0","371.0","372.0","365.0","9.25M","-1.08%"
"2022-02-18","371.0","360.0","375.0","359.0","24.59M","1.92%"
"2022-02-17","364.0","363.0","365.0","356.0","13.78M","0.28%"
"2022-02-16","363.0","356.0","365.0","355.0","14.22M","2.25%"
"2022-02-15","355.0","366.0","366.0","353.0","16.80M","-3.01%"
"2022-02-14","366.0","366.0","367.0","357.0","15.14M","0.27%"
"2022-02-10","365.0","361.0","369.0","360.0","18.94M","1.39%"
"2022-02-09","360.0","363.0","363.0","352.0","13.81M","0.00%"
"2022-02-08","360.0","355.0","363.0","354.0","17.14M","0.84%"
"2022-02-07","357.0","348.0","360.0","347.0","18.95M","0.85%"
"2022-02-04","354.0","354.0","360.0","344.0","26.39M","-0.28%"
"2022-02-03","355.0","336.0","355.0","336.0","35.70M","5.97%"
"2022-02-02","335.0","327.0","339.0","323.0","26.66M","1.52%"
"2022-02-01","330.0","308.0","330.0","307.0","40.53M","7.84%"
"2022-01-31","306.0","315.0","317.0","300.0","31.15M","-5.26%"
"2022-01-28","323.0","307.0","323.0","307.0","32.90M","4.53%"
"2022-01-27","309.0","308.0","310.0","303.0","14.69M","0.65%"
"2022-01-26","307.0","305.0","308.0","303.0","11.41M","0.99%"
"2022-01-25","304.0","300.0","304.0","297.0","19.03M","1.00%"
"2022-01-24","301.0","297.0","303.0","296.0","16.07M","1.35%"
"2022-01-21","297.0","290.0","297.0","288.0","15.79M","2.06%"
"2022-01-20","291.0","287.0","294.0","287.0","18.92M","2.11%"
"2022-01-19","285.0","291.0","292.0","285.0","21.43M","-3.06%"
"2022-01-18","294.0","294.0","295.0","292.0","12.04M","0.00%"
"2022-01-17","294.0","295.0","297.0","293.0","8.10M","0.00%"
"2022-01-14","294.0","296.0","296.0","292.0","14.14M","-0.34%"
"2022-01-13","295.0","299.0","299.0","295.0","7.20M","-0.67%"
"2022-01-12","297.0","296.0","299.0","295.0","10.70M","-0.34%"
"2022-01-11","298.0","294.0","298.0","292.0","12.86M","1.36%"
"2022-01-07","294.0","297.0","298.0","292.0","14.24M","-1.01%"
"2022-01-06","297.0","299.0","301.0","296.0","11.05M","-0.34%"
"2022-01-05","298.0","302.0","306.0","296.0","14.65M","-0.33%"
"2022-01-04","299.0","301.0","302.0","298.0","10.24M","0.67%"
"2021-12-30","297.0","297.0","299.0","296.0","7.88M","-1.00%"
"2021-12-29","300.0","292.0","300.0","292.0","14.50M","3.45%"
"2021-12-28","290.0","292.0","295.0","289.0","15.45M","-0.68%"
"2021-12-27","292.0","297.0","297.0","292.0","12.67M","-1.68%"
"2021-12-24","297.0","301.0","302.0","297.0","9.63M","-1.33%"
"2021-12-23","301.0","301.0","304.0","300.0","7.35M","0.00%"
"2021-12-22","301.0","301.0","302.0","297.0","11.34M","0.00%"
"2021-12-21","301.0","304.0","305.0","300.0","9.66M","0.33%"
"2021-12-20","300.0","309.0","310.0","300.0","23.68M","-4.46%"
"2021-12-17","314.0","308.0","320.0","308.0","30.61M","1.95%"
"2021-12-16","308.0","304.0","308.0","304.0","8.08M","0.98%"
"2021-12-15","305.0","300.0","305.0","299.0","7.98M","0.99%"
"2021-12-14","302.0","300.0","304.0","299.0","13.85M","0.67%"
"2021-12-13","300.0","307.0","307.0","299.0","16.34M","-1.96%"
"2021-12-10","306.0","308.0","311.0","305.0","8.08M","0.00%"
"2021-12-09","306.0","306.0","308.0","303.0","8.42M","-0.65%"
"2021-12-08","308.0","312.0","313.0","308.0","11.45M","-1.60%"
"2021-12-07","313.0","313.0","315.0","310.0","11.54M","0.97%"
"2021-12-06","310.0","308.0","314.0","305.0","20.83M","1.97%"
"2021-12-03","304.0","306.0","307.0","294.0","27.85M","-0.65%"
"2021-12-02","306.0","306.0","310.0","305.0","11.84M","0.00%"
"2021-12-01","306.0","303.0","310.0","303.0","12.90M","0.99%"
"2021-11-30","303.0","308.0","313.0","302.0","18.24M","-1.62%"
"2021-11-29","308.0","308.0","311.0","304.0","12.39M","-1.28%"
"2021-11-26","312.0","316.0","317.0","309.0","13.54M","-0.95%"
"2021-11-25","315.0","309.0","316.0","305.0","9.89M","1.29%"
"2021-11-24","311.0","310.0","317.0","309.0","12.50M","0.97%"
"2021-11-22","308.0","308.0","309.0","305.0","7.18M","0.33%"
"2021-11-19","307.0","307.0","309.0","305.0","6.49M","0.00%"
"2021-11-18","307.0","302.0","309.0","301.0","10.95M","0.99%"
"2021-11-17","304.0","304.0","306.0","300.0","10.75M","-0.33%"
"2021-11-16","305.0","307.0","312.0","305.0","10.59M","0.33%"
"2021-11-15","304.0","306.0","307.0","304.0","6.68M","-1.30%"
"2021-11-12","308.0","303.0","308.0","302.0","11.65M","1.99%"
"2021-11-11","302.0","305.0","307.0","302.0","10.29M","-1.31%"
"2021-11-10","306.0","308.0","310.0","302.0","10.66M","0.33%"
"2021-11-09","305.0","311.0","311.0","305.0","12.13M","-0.97%"
"2021-11-08","308.0","310.0","315.0","307.0","10.94M","-0.65%"
"2021-11-05","310.0","310.0","312.0","306.0","11.33M","-1.27%"
"2021-11-04","314.0","318.0","319.0","311.0","11.67M","-0.32%"
"2021-11-02","315.0","321.0","322.0","312.0","14.39M","-1.87%"
"2021-11-01","321.0","321.0","325.0","316.0","19.37M","1.90%"
"2021-10-29","315.0","307.0","317.0","307.0","22.05M","1.94%"
"2021-10-28","309.0","306.0","314.0","302.0","53.84M","-2.22%"
"2021-10-27","316.0","335.0","335.0","315.0","38.49M","-6.23%"
"2021-10-26","337.0","336.0","339.0","327.0","16.79M","0.30%"
"2021-10-25","336.0","338.0","344.0","336.0","11.47M","-0.88%"
"2021-10-22","339.0","343.0","343.0","333.0","17.98M","-0.29%"
"2021-10-21","340.0","345.0","347.0","340.0","13.33M","-0.58%"
"2021-10-20","342.0","341.0","346.0","340.0","13.96M","0.00%"
"2021-10-19","342.0","352.0","352.0","341.0","23.08M","-3.39%"
"2021-10-18","354.0","357.0","363.0","352.0","15.38M","-0.84%"
"2021-10-15","357.0","352.0","363.0","350.0","21.87M","0.28%"
"2021-10-14","356.0","346.0","357.0","340.0","22.57M","0.56%"
"2021-10-13","354.0","357.0","359.0","344.0","28.21M","-1.67%"
"2021-10-12","360.0","362.0","368.0","358.0","21.99M","-0.55%"
"2021-10-11","362.0","365.0","374.0","354.0","59.60M","0.56%"
"2021-10-08","360.0","363.0","368.0","349.0","47.26M","0.56%"
"2021-10-07","358.0","359.0","359.0","347.0","48.81M","-2.98%"
"2021-10-06","369.0","352.0","370.0","336.0","62.96M","6.03%"
"2021-10-05","348.0","345.0","355.0","339.0","49.02M","2.96%"
"2021-10-04","338.0","325.0","340.0","324.0","37.01M","5.30%"
"2021-10-01","321.0","321.0","325.0","318.0","17.60M","0.31%"
"2021-09-30","320.0","346.0","349.0","317.0","57.97M","-9.35%"
"2021-09-29","353.0","335.0","355.0","332.0","55.50M","4.13%"
"2021-09-28","339.0","339.0","345.0","332.0","32.53M","1.19%"
"2021-09-27","335.0","324.0","342.0","323.0","36.25M","3.40%"
"2021-09-24","324.0","323.0","327.0","317.0","26.66M","1.25%"
"2021-09-22","320.0","309.0","324.0","308.0","31.41M","3.56%"
"2021-09-21","309.0","304.0","313.0","304.0","15.68M","0.00%"
"2021-09-17","309.0","304.0","309.0","302.0","22.61M","1.64%"
"2021-09-16","304.0","300.0","305.0","297.0","18.71M","1.00%"
"2021-09-15","301.0","301.0","304.0","298.0","14.45M","-0.33%"
"2021-09-14","302.0","308.0","309.0","301.0","23.59M","-2.27%"
"2021-09-13","309.0","300.0","312.0","299.0","35.37M","2.32%"
"2021-09-10","302.0","316.0","317.0","300.0","71.04M","-6.21%"
"2021-09-09","322.0","298.0","328.0","298.0","136.22M","11.03%"
"2021-09-08","290.0","288.0","293.0","287.0","16.52M","0.69%"
"2021-09-07","288.0","286.0","290.0","284.0","20.81M","0.35%"
"2021-09-06","287.0","289.0","290.0","284.0","18.19M","-0.35%"
"2021-09-03","288.0","287.0","292.0","287.0","15.47M","0.70%"
"2021-09-02","286.0","292.0","293.0","286.0","14.00M","-2.05%"
"2021-09-01","292.0","291.0","298.0","290.0","18.55M","1.04%"
"2021-08-31","289.0","291.0","292.0","287.0","14.87M","-1.37%"
"2021-08-30","293.0","292.0","296.0","290.0","12.83M","1.38%"
"2021-08-27","289.0","291.0","291.0","287.0","8.16M","-0.69%"
"2021-08-26","291.0","293.0","294.0","289.0","8.87M","0.00%"
"2021-08-25","291.0","293.0","294.0","291.0","8.88M","0.34%"
"2021-08-24","290.0","290.0","294.0","290.0","8.35M","0.35%"
"2021-08-23","289.0","289.0","294.0","289.0","7.52M","0.00%"
"2021-08-20","289.0","284.0","290.0","283.0","13.68M","2.48%"
"2021-08-19","282.0","288.0","288.0","280.0","15.82M","-2.08%"
"2021-08-18","288.0","288.0","291.0","288.0","11.39M","0.35%"
"2021-08-17","287.0","290.0","290.0","286.0","9.63M","-0.69%"
"2021-08-16","289.0","291.0","291.0","286.0","9.18M","-0.34%"
"2021-08-13","290.0","291.0","294.0","290.0","8.91M","-0.68%"
"2021-08-12","292.0","298.0","299.0","291.0","10.38M","-1.35%"
"2021-08-11","296.0","294.0","298.0","293.0","11.83M","2.07%"
"2021-08-10","290.0","291.0","297.0","290.0","13.32M","-0.34%"
"2021-08-06","291.0","286.0","293.0","286.0","10.07M","1.75%"
"2021-08-05","286.0","286.0","290.0","285.0","9.27M","-0.69%"
"2021-08-04","288.0","293.0","294.0","287.0","14.56M","-1.71%"
"2021-08-03","293.0","294.0","298.0","290.0","13.54M","0.69%"
"2021-08-02","291.0","291.0","297.0","289.0","15.59M","-0.34%"
"2021-07-30","292.0","304.0","304.0","290.0","35.00M","-3.95%"
"2021-07-29","304.0","310.0","311.0","303.0","18.98M","-2.88%"
"2021-07-28","313.0","312.0","315.0","310.0","15.33M","0.32%"
"2021-07-27","312.0","314.0","318.0","312.0","15.84M","0.00%"
"2021-07-26","312.0","323.0","324.0","312.0","24.07M","-4.00%"
"2021-07-21","325.0","328.0","332.0","324.0","14.54M","0.31%"
"2021-07-20","324.0","323.0","327.0","323.0","11.39M","-1.82%"
"2021-07-19","330.0","331.0","334.0","328.0","9.93M","-0.90%"
"2021-07-16","333.0","332.0","339.0","330.0","8.34M","-0.30%"
"2021-07-15","334.0","338.0","342.0","332.0","11.10M","-1.76%"
"2021-07-14","340.0","331.0","340.0","331.0","13.12M","2.10%"
"2021-07-13","333.0","332.0","334.0","328.0","8.68M","1.22%"
"2021-07-12","329.0","325.0","333.0","325.0","12.16M","2.49%"
"2021-07-09","321.0","312.0","323.0","312.0","13.93M","0.94%"
"2021-07-08","318.0","321.0","322.0","316.0","11.37M","-1.55%"
"2021-07-07","323.0","326.0","326.0","321.0","12.91M","-1.82%"
"2021-07-06","329.0","331.0","332.0","326.0","6.96M","0.00%"
"2021-07-05","329.0","330.0","332.0","329.0","6.80M","-1.20%"
"2021-07-02","333.0","330.0","333.0","330.0","7.80M","1.83%"
"2021-07-01","327.0","331.0","332.0","325.0","9.16M","-0.91%"
"2021-06-30","330.0","333.0","335.0","330.0","8.15M","-0.90%"
"2021-06-29","333.0","337.0","338.0","332.0","9.94M","-2.06%"
"2021-06-28","340.0","336.0","341.0","335.0","8.16M","1.80%"
"2021-06-25","334.0","333.0","336.0","331.0","7.43M","1.21%"
"2021-06-24","330.0","332.0","333.0","328.0","9.28M","-0.90%"
"2021-06-23","333.0","337.0","340.0","332.0","10.99M","-1.77%"
"2021-06-22","339.0","338.0","340.0","334.0","11.45M","1.80%"
"2021-06-21","333.0","338.0","339.0","328.0","19.23M","-3.20%"
"2021-06-18","344.0","342.0","346.0","338.0","12.10M","0.00%"
"2021-06-17","344.0","347.0","348.0","342.0","10.54M","-1.15%"
"2021-06-16","348.0","352.0","357.0","348.0","13.09M","-0.29%"
"2021-06-15","349.0","347.0","351.0","347.0","9.16M","0.29%"
"2021-06-14","348.0","350.0","353.0","345.0","8.77M","0.29%"
"2021-06-11","347.0","347.0","350.0","343.0","8.25M","0.58%"
"2021-06-10","345.0","349.0","351.0","344.0","7.61M","-1.71%"
"2021-06-09","351.0","346.0","351.0","345.0","7.32M","2.03%"
"2021-06-08","344.0","341.0","347.0","337.0","10.39M","0.29%"
"2021-06-07","343.0","341.0","348.0","338.0","9.69M","0.29%"
"2021-06-04","342.0","356.0","357.0","342.0","16.49M","-3.12%"
"2021-06-03","353.0","359.0","363.0","352.0","16.76M","-1.94%"
"2021-06-02","360.0","338.0","360.0","338.0","27.60M","6.51%"
"2021-06-01","338.0","340.0","343.0","336.0","8.40M","-0.29%"
"2021-05-31","339.0","343.0","344.0","337.0","10.66M","-1.74%"
"2021-05-28","345.0","337.0","346.0","336.0","15.25M","3.60%"
"2021-05-27","333.0","338.0","344.0","330.0","21.20M","-1.48%"
"2021-05-26","338.0","340.0","340.0","337.0","6.99M","-1.17%"
"2021-05-25","342.0","347.0","347.0","341.0","8.06M","-0.87%"
"2021-05-24","345.0","347.0","351.0","345.0","7.46M","0.00%"
"2021-05-21","345.0","341.0","345.0","338.0","9.85M","0.58%"
"2021-05-20","343.0","345.0","347.0","342.0","9.12M","-1.15%"
"2021-05-19","347.0","345.0","354.0","344.0","12.33M","0.00%"
"2021-05-18","347.0","349.0","349.0","343.0","10.05M","0.00%"
"2021-05-17","347.0","341.0","350.0","339.0","13.09M","1.76%"
"2021-05-14","341.0","343.0","345.0","340.0","9.23M","0.59%"
"2021-05-13","339.0","336.0","346.0","336.0","13.50M","0.30%"
"2021-05-12","338.0","341.0","341.0","332.0","16.30M","-1.46%"
"2021-05-11","343.0","347.0","355.0","341.0","17.33M","-0.58%"
"2021-05-10","345.0","341.0","350.0","339.0","13.94M","-0.29%"
"2021-05-07","346.0","345.0","348.0","337.0","21.64M","1.47%"
"2021-05-06","341.0","327.0","343.0","324.0","31.22M","5.57%"
"2021-04-30","323.0","319.0","332.0","319.0","27.73M","2.22%"
"2021-04-28","316.0","318.0","319.0","315.0","10.56M","-0.94%"
"2021-04-27","319.0","317.0","324.0","313.0","11.92M","0.31%"
"2021-04-26","318.0","317.0","322.0","315.0","11.40M","0.32%"
"2021-04-23","317.0","313.0","322.0","313.0","12.11M","0.32%"
"2021-04-22","316.0","317.0","321.0","311.0","13.80M","0.96%"
"2021-04-21","313.0","317.0","318.0","310.0","16.69M","-2.49%"
"2021-04-20","321.0","320.0","325.0","315.0","11.84M","0.00%"
"2021-04-19","321.0","322.0","327.0","320.0","13.18M","-0.31%"
"2021-04-16","322.0","337.0","338.0","321.0","22.66M","-4.73%"
"2021-04-15","338.0","335.0","343.0","335.0","12.89M","0.30%"
"2021-04-14","337.0","344.0","348.0","334.0","23.30M","-3.16%"
"2021-04-13","348.0","361.0","362.0","348.0","15.94M","-1.97%"
"2021-04-12","355.0","358.0","363.0","354.0","11.66M","-0.28%"
"2021-04-09","356.0","348.0","358.0","347.0","11.86M","2.89%"
"2021-04-08","346.0","352.0","354.0","345.0","12.81M","-1.98%"
"2021-04-07","353.0","352.0","355.0","348.0","15.53M","-0.28%"
"2021-04-06","354.0","361.0","362.0","352.0","16.04M","-2.48%"
"2021-04-05","363.0","360.0","365.0","355.0","11.05M","1.40%"
"2021-04-02","358.0","361.0","364.0","357.0","9.69M","-0.83%"
"2021-04-01","361.0","373.0","374.0","360.0","15.48M","-2.17%"
"2021-03-31","369.0","371.0","375.0","367.0","11.38M","-1.60%"
"2021-03-30","375.0","375.0","379.0","369.0","12.69M","0.81%"
"2021-03-29","372.0","380.0","382.0","367.0","18.68M","-1.33%"
"2021-03-26","377.0","381.0","382.0","374.0","13.08M","0.27%"
"2021-03-25","376.0","359.0","378.0","359.0","25.12M","4.16%"
"2021-03-24","361.0","368.0","368.0","357.0","21.21M","-2.43%"
"2021-03-23","370.0","371.0","380.0","369.0","20.35M","-0.27%"
"2021-03-22","371.0","372.0","374.0","364.0","17.42M","0.27%"
"2021-03-19","370.0","355.0","371.0","351.0","33.68M","3.64%"
"2021-03-18","357.0","357.0","362.0","352.0","28.69M","0.85%"
"2021-03-17","354.0","370.0","374.0","354.0","61.48M","-10.15%"
"2021-03-16","394.0","394.0","409.0","391.0","34.51M","1.55%"
"2021-03-15","388.0","390.0","396.0","383.0","22.48M","0.26%"
"2021-03-12","387.0","382.0","393.0","372.0","26.16M","0.52%"
"2021-03-11","385.0","373.0","392.0","367.0","36.77M","4.05%"
"2021-03-10","370.0","380.0","382.0","368.0","36.16M","-5.37%"
"2021-03-09","391.0","380.0","400.0","377.0","59.71M","5.11%"
"2021-03-08","372.0","360.0","375.0","355.0","30.58M","5.08%"
"2021-03-05","354.0","349.0","355.0","347.0","20.20M","2.61%"
"2021-03-04","345.0","346.0","348.0","340.0","13.49M","-1.15%"
"2021-03-03","349.0","344.0","353.0","343.0","15.80M","2.35%"
"2021-03-02","341.0","354.0","354.0","338.0","22.15M","-3.67%"
"2021-03-01","354.0","342.0","356.0","339.0","16.53M","3.51%"
"2021-02-26","342.0","345.0","349.0","339.0","17.92M","-2.01%"
"2021-02-25","349.0","355.0","358.0","347.0","15.13M","0.00%"
"2021-02-24","349.0","360.0","361.0","345.0","18.67M","-2.51%"
"2021-02-22","358.0","359.0","368.0","358.0","14.41M","0.00%"
"2021-02-19","358.0","365.0","370.0","355.0","20.29M","-2.72%"
"2021-02-18","368.0","380.0","380.0","359.0","24.83M","-2.13%"
"2021-02-17","376.0","385.0","389.0","373.0","17.18M","-1.83%"
"2021-02-16","383.0","391.0","394.0","382.0","16.13M","-2.05%"
"2021-02-15","391.0","383.0","394.0","379.0","18.92M","0.26%"
"2021-02-12","390.0","402.0","405.0","385.0","30.69M","-4.88%"
"2021-02-10","410.0","413.0","413.0","401.0","15.46M","-0.49%"
"2021-02-09","412.0","411.0","428.0","407.0","33.52M","1.23%"
"2021-02-08","407.0","400.0","414.0","399.0","22.86M","2.01%"
"2021-02-05","399.0","404.0","408.0","393.0","30.35M","-0.25%"
"2021-02-04","400.0","385.0","416.0","385.0","72.85M","4.17%"
"2021-02-03","384.0","376.0","386.0","374.0","34.57M","2.40%"
"2021-02-02","375.0","395.0","405.0","371.0","57.04M","-5.54%"
"2021-02-01","397.0","388.0","409.0","384.0","43.35M","-1.00%"
"2021-01-29","401.0","440.0","444.0","397.0","100.24M","-8.03%"
"2021-01-28","436.0","419.0","437.0","417.0","55.08M","0.93%"
"2021-01-27","432.0","433.0","439.0","414.0","70.56M","0.70%"
"2021-01-26","429.0","404.0","433.0","404.0","76.75M","4.89%"
"2021-01-25","409.0","413.0","419.0","403.0","44.56M","0.00%"
"2021-01-22","409.0","379.0","411.0","371.0","79.89M","6.23%"
"2021-01-21","385.0","386.0","389.0","374.0","41.65M","1.05%"
"2021-01-20","381.0","355.0","383.0","354.0","63.18M","7.63%"
"2021-01-19","354.0","328.0","356.0","327.0","39.35M","7.93%"
"2021-01-18","328.0","323.0","333.0","322.0","13.72M","1.55%"
"2021-01-15","323.0","324.0","334.0","320.0","33.44M","-0.92%"
"2021-01-14","326.0","322.0","328.0","313.0","22.18M","1.88%"
"2021-01-13","320.0","334.0","335.0","316.0","29.87M","-2.44%"
"2021-01-12","328.0","307.0","328.0","303.0","37.51M","8.97%"
"2021-01-08","301.0","297.0","301.0","292.0","17.83M","1.35%"
"2021-01-07","297.0","300.0","303.0","294.0","21.78M","0.68%"
"2021-01-06","295.0","277.0","297.0","277.0","22.06M","4.98%"
"2021-01-05","281.0","273.0","281.0","272.0","13.00M","2.18%"
"2021-01-04","275.0","275.0","277.0","270.0","10.23M","1.10%"
"2020-12-30","272.0","271.0","275.0","268.0","9.00M","0.37%"
"2020-12-29","271.0","271.0","274.0","269.0","8.17M","0.00%"
"2020-12-28","271.0","272.0","273.0","270.0","6.05M","-0.37%"
"2020-12-25","272.0","269.0","273.0","269.0","5.04M","0.37%"
"2020-12-24","271.0","267.0","273.0","267.0","8.72M","1.88%"
"2020-12-23","266.0","269.0","270.0","266.0","8.49M","-1.12%"
"2020-12-22","269.0","271.0","272.0","269.0","10.47M","-1.10%"
"2020-12-21","272.0","275.0","276.0","271.0","6.32M","-0.73%"
"2020-12-18","274.0","271.0","275.0","271.0","8.34M","1.11%"
"2020-12-17","271.0","273.0","273.0","270.0","13.61M","-0.73%"
"2020-12-16","273.0","275.0","277.0","273.0","10.81M","0.37%"
"2020-12-15","272.0","276.0","278.0","272.0","9.47M","-1.81%"
"2020-12-14","277.0","275.0","282.0","275.0","9.45M","0.36%"
"2020-12-11","276.0","273.0","277.0","271.0","9.84M","1.47%"
"2020-12-10","272.0","275.0","278.0","272.0","8.07M","-1.09%"
"2020-12-09","275.0","275.0","278.0","273.0","5.98M","-0.36%"
"2020-12-08","276.0","275.0","278.0","273.0","5.29M","0.36%"
"2020-12-07","275.0","281.0","282.0","275.0","8.51M","-2.14%"
"2020-12-04","281.0","282.0","285.0","281.0","6.84M","-1.40%"
"2020-12-03","285.0","281.0","286.0","280.0","12.45M","2.52%"
"2020-12-02","278.0","276.0","281.0","274.0","10.44M","1.46%"
"2020-12-01","274.0","275.0","276.0","270.0","10.25M","0.74%"
"2020-11-30","272.0","282.0","283.0","272.0","19.53M","-3.89%"
"2020-11-27","283.0","285.0","287.0","282.0","10.87M","-1.05%"
"2020-11-26","286.0","288.0","289.0","285.0","6.60M","-0.69%"
"2020-11-25","288.0","294.0","295.0","287.0","11.91M","-0.69%"
"2020-11-24","290.0","294.0","294.0","289.0","10.49M","0.35%"
"2020-11-20","289.0","288.0","290.0","285.0","7.36M","1.05%"
"2020-11-19","286.0","285.0","288.0","283.0","9.44M","-1.04%"
"2020-11-18","289.0","293.0","293.0","288.0","8.33M","-2.03%"
"2020-11-17","295.0","300.0","301.0","292.0","13.91M","-0.67%"
"2020-11-16","297.0","292.0","300.0","292.0","15.22M","3.48%"
"2020-11-13","287.0","290.0","291.0","285.0","12.43M","-2.05%"
"2020-11-12","293.0","304.0","304.0","291.0","15.06M","-3.30%"
"2020-11-11","303.0","301.0","306.0","299.0","13.58M","2.36%"
"2020-11-10","296.0","289.0","296.0","287.0","20.91M","5.34%"
"2020-11-09","281.0","283.0","288.0","280.0","9.25M","-1.75%"
"2020-11-06","286.0","279.0","287.0","279.0","10.51M","2.51%"
"2020-11-05","279.0","278.0","282.0","273.0","11.94M","-0.71%"
"2020-11-04","281.0","287.0","287.0","279.0","12.12M","-0.71%"
"2020-11-02","283.0","271.0","285.0","271.0","17.15M","5.20%"
"2020-10-30","269.0","277.0","277.0","268.0","16.96M","-3.58%"
"2020-10-29","279.0","279.0","280.0","277.0","10.01M","-1.06%"
"2020-10-28","282.0","283.0","284.0","280.0","9.16M","-0.70%"
"2020-10-27","284.0","287.0","288.0","283.0","7.18M","-1.39%"
"2020-10-26","288.0","288.0","291.0","287.0","5.88M","0.00%"
"2020-10-23","288.0","287.0","292.0","285.0","7.91M","1.41%"
"2020-10-22","284.0","287.0","289.0","284.0","9.36M","-1.73%"
"2020-10-21","289.0","288.0","294.0","287.0","7.41M","1.05%"
"2020-10-20","286.0","297.0","298.0","285.0","16.87M","-4.98%"
"2020-10-19","301.0","295.0","304.0","295.0","14.00M","2.38%"
"2020-10-16","294.0","289.0","296.0","288.0","8.58M","2.80%"
"2020-10-15","286.0","284.0","288.0","284.0","7.25M","0.00%"
"2020-10-14","286.0","285.0","289.0","284.0","5.61M","-0.69%"
"2020-10-13","288.0","286.0","289.0","284.0","5.23M","1.41%"
"2020-10-12","284.0","287.0","288.0","283.0","7.98M","-1.39%"
"2020-10-09","288.0","293.0","293.0","286.0","6.66M","-1.71%"
"2020-10-08","293.0","301.0","301.0","292.0","9.61M","-2.33%"
"2020-10-07","300.0","298.0","301.0","294.0","7.62M","-0.33%"
"2020-10-06","301.0","298.0","302.0","295.0","9.38M","0.33%"
"2020-10-05","300.0","285.0","300.0","284.0","14.87M","6.38%"
"2020-10-02","282.0","291.0","294.0","281.0","11.56M","-2.42%"
"2020-09-30","289.0","295.0","300.0","288.0","10.95M","-3.02%"
"2020-09-29","298.0","299.0","300.0","294.0","7.05M","-0.67%"
"2020-09-28","300.0","293.0","300.0","291.0","7.91M","2.74%"
"2020-09-25","292.0","296.0","296.0","290.0","9.17M","-0.68%"
"2020-09-24","294.0","298.0","300.0","294.0","6.40M","-2.00%"
"2020-09-23","300.0","301.0","302.0","296.0","11.39M","-1.32%"
"2020-09-18","304.0","303.0","305.0","300.0","8.63M","1.33%"
"2020-09-17","300.0","308.0","308.0","300.0","8.44M","-1.96%"
"2020-09-16","306.0","310.0","310.0","304.0","8.42M","-1.92%"
"2020-09-15","312.0","313.0","314.0","310.0","4.57M","-0.95%"
"2020-09-14","315.0","307.0","315.0","306.0","9.05M","2.94%"
"2020-09-11","306.0","305.0","308.0","304.0","6.83M","-1.29%"
"2020-09-10","310.0","308.0","310.0","306.0","4.41M","0.98%"
"2020-09-09","307.0","308.0","309.0","304.0","6.76M","-0.65%"
"2020-09-08","309.0","312.0","312.0","308.0","4.13M","-0.32%"
"2020-09-07","310.0","311.0","314.0","310.0","3.79M","-0.96%"
"2020-09-04","313.0","309.0","314.0","308.0","5.45M","0.00%"
"2020-09-03","313.0","316.0","317.0","312.0","3.23M","0.32%"
"2020-09-02","312.0","312.0","313.0","309.0","3.59M","0.00%"
"2020-09-01","312.0","314.0","314.0","311.0","5.09M","0.00%"
"2020-08-31","312.0","312.0","319.0","311.0","7.39M","0.32%"
"2020-08-28","311.0","311.0","317.0","308.0","11.07M","0.65%"
"2020-08-27","309.0","314.0","315.0","308.0","3.82M","-1.59%"
"2020-08-26","314.0","316.0","317.0","312.0","5.61M","-1.88%"
"2020-08-25","320.0","315.0","320.0","314.0","8.66M","3.56%"
"2020-08-24","309.0","312.0","313.0","308.0","3.37M","0.00%"
"2020-08-21","309.0","312.0","316.0","309.0","6.17M","0.32%"
"2020-08-20","308.0","310.0","312.0","308.0","3.37M","-1.28%"
"2020-08-19","312.0","304.0","313.0","303.0","6.04M","0.97%"
"2020-08-18","309.0","313.0","314.0","306.0","7.27M","-1.90%"
"2020-08-17","315.0","314.0","319.0","314.0","3.31M","-0.63%"
"2020-08-14","317.0","318.0","320.0","315.0","5.00M","-1.25%"
"2020-08-13","321.0","325.0","326.0","314.0","11.24M","-0.62%"
"2020-08-12","323.0","315.0","323.0","313.0","12.34M","4.19%"
"2020-08-11","310.0","303.0","310.0","303.0","8.89M","2.31%"
"2020-08-07","303.0","297.0","304.0","294.0","9.61M","3.41%"
"2020-08-06","293.0","295.0","300.0","292.0","5.84M","-1.35%"
"2020-08-05","297.0","295.0","300.0","289.0","8.62M","0.34%"
"2020-08-04","296.0","287.0","297.0","285.0","9.75M","3.86%"
"2020-08-03","285.0","282.0","288.0","280.0","7.45M","1.79%"
"2020-07-31","280.0","292.0","293.0","279.0","12.03M","-5.08%"
"2020-07-30","295.0","306.0","307.0","295.0","11.10M","-3.59%"
"2020-07-29","306.0","314.0","314.0","306.0","6.68M","-1.92%"
"2020-07-28","312.0","318.0","319.0","312.0","6.98M","-3.41%"
"2020-07-27","323.0","315.0","324.0","311.0","6.43M","1.57%"
"2020-07-22","318.0","321.0","325.0","318.0","7.50M","-0.63%"
"2020-07-21","320.0","323.0","324.0","319.0","5.37M","-2.14%"
"2020-07-20","327.0","328.0","330.0","323.0","6.09M","-1.21%"
"2020-07-17","331.0","328.0","334.0","327.0","8.83M","2.16%"
"2020-07-16","324.0","334.0","339.0","322.0","12.95M","-1.22%"
"2020-07-15","328.0","320.0","332.0","318.0","11.43M","5.13%"
"2020-07-14","312.0","317.0","321.0","311.0","7.46M","-1.89%"
"2020-07-13","318.0","310.0","318.0","309.0","7.75M","4.26%"
"2020-07-10","305.0","312.0","313.0","305.0","7.23M","-2.56%"
"2020-07-09","313.0","317.0","317.0","311.0","6.52M","-0.63%"
"2020-07-08","315.0","316.0","322.0","315.0","6.52M","-0.94%"
"2020-07-07","318.0","321.0","324.0","317.0","7.07M","-2.45%"
"2020-07-06","326.0","315.0","329.0","315.0","7.63M","3.16%"
"2020-07-03","316.0","326.0","329.0","315.0","7.98M","-3.07%"
"2020-07-02","326.0","326.0","332.0","323.0","8.96M","1.24%"
"2020-07-01","322.0","331.0","333.0","321.0","7.83M","-2.72%"
"2020-06-30","331.0","335.0","337.0","331.0","7.10M","0.30%"
"2020-06-29","330.0","333.0","334.0","329.0","6.52M","-1.79%"
"2020-06-26","336.0","339.0","340.0","334.0","4.95M","0.60%"
"2020-06-25","334.0","338.0","340.0","332.0","8.51M","-1.76%"
"2020-06-24","340.0","346.0","347.0","340.0","8.53M","-2.02%"
"2020-06-23","347.0","347.0","349.0","343.0","5.88M","0.87%"
"2020-06-22","344.0","348.0","350.0","344.0","6.61M","-1.15%"
"2020-06-19","348.0","351.0","354.0","348.0","11.56M","-0.57%"
"2020-06-18","350.0","352.0","355.0","348.0","8.01M","-1.13%"
"2020-06-17","354.0","361.0","362.0","354.0","10.16M","-1.94%"
"2020-06-16","361.0","348.0","362.0","347.0","11.71M","4.94%"
"2020-06-15","344.0","358.0","361.0","344.0","14.26M","-4.18%"
"2020-06-12","359.0","350.0","361.0","346.0","14.90M","0.56%"
"2020-06-11","357.0","370.0","371.0","357.0","11.90M","-4.29%"
"2020-06-10","373.0","379.0","381.0","373.0","7.82M","-2.10%"
"2020-06-09","381.0","388.0","392.0","379.0","9.98M","-1.04%"
"2020-06-08","385.0","379.0","385.0","376.0","8.94M","2.67%"
"2020-06-05","375.0","366.0","375.0","365.0","6.36M","2.18%"
"2020-06-04","367.0","373.0","374.0","365.0","7.05M","-0.27%"
"2020-06-03","368.0","376.0","379.0","367.0","8.38M","-1.08%"
"2020-06-02","372.0","370.0","375.0","367.0","7.82M","0.81%"
"2020-06-01","369.0","366.0","369.0","363.0","5.06M","1.65%"
"2020-05-29","363.0","367.0","372.0","363.0","14.57M","-1.89%"
"2020-05-28","370.0","377.0","382.0","366.0","12.92M","-0.80%"
"2020-05-27","373.0","367.0","374.0","362.0","11.18M","2.75%"
"2020-05-26","363.0","357.0","364.0","355.0","7.09M","2.83%"
"2020-05-25","353.0","352.0","355.0","350.0","3.90M","1.73%"
"2020-05-22","347.0","353.0","354.0","347.0","7.73M","-0.29%"
"2020-05-21","348.0","353.0","355.0","348.0","4.66M","-1.42%"
"2020-05-20","353.0","357.0","360.0","352.0","5.26M","-0.28%"
"2020-05-19","354.0","351.0","357.0","350.0","6.26M","2.61%"
"2020-05-18","345.0","349.0","351.0","343.0","8.10M","-1.15%"
"2020-05-15","349.0","360.0","360.0","348.0","5.36M","-1.41%"
"2020-05-14","354.0","359.0","363.0","353.0","4.83M","-2.21%"
"2020-05-13","362.0","356.0","364.0","356.0","5.14M","-0.55%"
"2020-05-12","364.0","368.0","369.0","362.0","4.59M","-0.82%"
"2020-05-11","367.0","358.0","368.0","354.0","6.75M","2.23%"
"2020-05-08","359.0","342.0","359.0","341.0","7.87M","5.90%"
"2020-05-07","339.0","341.0","343.0","338.0","6.77M","-2.87%"
"2020-05-01","349.0","361.0","362.0","348.0","9.60M","-3.86%"
"2020-04-30","363.0","369.0","373.0","363.0","6.51M","-1.36%"
"2020-04-28","368.0","367.0","368.0","364.0","3.87M","0.82%"
"2020-04-27","365.0","367.0","367.0","360.0","7.12M","0.27%"
"2020-04-24","364.0","372.0","373.0","361.0","8.83M","-3.19%"
"2020-04-23","376.0","365.0","376.0","364.0","6.74M","3.58%"
"2020-04-22","363.0","367.0","367.0","361.0","5.73M","-0.82%"
"2020-04-21","366.0","368.0","368.0","362.0","5.20M","-1.61%"
"2020-04-20","372.0","379.0","380.0","372.0","7.11M","-3.38%"
"2020-04-17","385.0","385.0","390.0","381.0","6.09M","0.52%"
"2020-04-16","383.0","382.0","385.0","379.0","7.13M","-0.78%"
"2020-04-15","386.0","389.0","390.0","382.0","8.54M","0.52%"
"2020-04-14","384.0","375.0","384.0","375.0","7.71M","3.23%"
"2020-04-13","372.0","376.0","378.0","371.0","6.05M","-1.33%"
"2020-04-10","377.0","370.0","378.0","366.0","9.64M","2.17%"
"2020-04-09","369.0","370.0","371.0","362.0","9.56M","0.54%"
"2020-04-08","367.0","366.0","372.0","361.0","10.66M","-0.27%"
"2020-04-07","368.0","368.0","372.0","359.0","9.38M","2.22%"
"2020-04-06","360.0","344.0","362.0","341.0","10.03M","2.86%"
"2020-04-03","350.0","352.0","361.0","346.0","9.19M","-0.28%"
"2020-04-02","351.0","354.0","358.0","350.0","9.92M","-2.23%"
"2020-04-01","359.0","373.0","376.0","354.0","13.28M","-4.77%"
"2020-03-31","377.0","400.0","405.0","374.0","17.30M","-5.51%"
"2020-03-30","399.0","375.0","401.0","373.0","15.29M","4.72%"
"2020-03-27","381.0","373.0","385.0","368.0","16.23M","4.38%"
"2020-03-26","365.0","378.0","379.0","362.0","15.76M","-4.45%"
"2020-03-25","382.0","359.0","383.0","353.0","14.91M","9.46%"
"2020-03-24","349.0","348.0","351.0","342.0","14.10M","2.35%"
"2020-03-23","341.0","339.0","345.0","325.0","24.17M","3.65%"
"2020-03-19","329.0","355.0","361.0","325.0","27.88M","-5.19%"
"2020-03-18","347.0","352.0","370.0","346.0","26.33M","-0.29%"
"2020-03-17","348.0","322.0","353.0","321.0","33.68M","5.45%"
"2020-03-16","330.0","339.0","344.0","328.0","23.59M","-2.94%"
"2020-03-13","340.0","345.0","352.0","331.0","23.63M","-7.36%"
"2020-03-12","367.0","374.0","375.0","362.0","21.89M","-2.91%"
"2020-03-11","378.0","367.0","380.0","364.0","15.45M","2.72%"
"2020-03-10","368.0","370.0","376.0","353.0","21.87M","-2.90%"
"2020-03-09","379.0","385.0","390.0","376.0","15.45M","-4.05%"
"2020-03-06","395.0","400.0","404.0","393.0","9.02M","-2.71%"
"2020-03-05","406.0","402.0","412.0","401.0","10.26M","2.01%"
"2020-03-04","398.0","396.0","402.0","392.0","9.38M","-1.00%"
"2020-03-03","402.0","412.0","414.0","402.0","9.37M","-0.99%"
"2020-03-02","406.0","400.0","410.0","390.0","24.59M","-0.98%"
"2020-02-28","410.0","417.0","417.0","406.0","13.55M","-3.07%"
"2020-02-27","423.0","423.0","426.0","422.0","9.38M","-1.40%"
"2020-02-26","429.0","426.0","430.0","422.0","8.46M","0.23%"
"2020-02-25","428.0","425.0","433.0","419.0","11.03M","-1.61%"
"2020-02-21","435.0","437.0","438.0","434.0","4.63M","-0.23%"
"2020-02-20","436.0","436.0","440.0","435.0","3.94M","-0.23%"
"2020-02-19","437.0","440.0","441.0","437.0","3.83M","-0.46%"
"2020-02-18","439.0","438.0","443.0","436.0","6.99M","0.23%"
"2020-02-17","438.0","435.0","440.0","431.0","7.43M","0.69%"
"2020-02-14","435.0","434.0","436.0","430.0","11.11M","-0.46%"
"2020-02-13","437.0","438.0","442.0","433.0","10.82M","-0.91%"
"2020-02-12","441.0","446.0","446.0","438.0","13.45M","-1.56%"
"2020-02-10","448.0","449.0","454.0","442.0","10.43M","-0.67%"
"2020-02-07","451.0","461.0","461.0","450.0","9.00M","-1.74%"
"2020-02-06","459.0","454.0","466.0","454.0","14.49M","1.55%"
"2020-02-05","452.0","454.0","455.0","449.0","8.16M","-0.44%"
"2020-02-04","454.0","455.0","458.0","446.0","15.19M","1.11%"
"2020-02-03","449.0","430.0","455.0","428.0","14.85M","3.22%"
"2020-01-31","435.0","437.0","448.0","434.0","17.18M","1.40%"
"2020-01-30","429.0","430.0","433.0","427.0","6.92M","-0.46%"
"2020-01-29","431.0","429.0","435.0","429.0","9.05M","0.00%"
"2020-01-28","431.0","429.0","432.0","426.0","8.30M","0.47%"
"2020-01-27","429.0","424.0","429.0","420.0","7.44M","0.23%"
"2020-01-24","428.0","428.0","430.0","424.0","6.05M","-0.47%"
"2020-01-23","430.0","433.0","434.0","426.0","8.43M","-1.15%"
"2020-01-22","435.0","440.0","441.0","433.0","5.38M","-0.68%"
"2020-01-21","438.0","439.0","446.0","438.0","7.38M","0.00%"
"2020-01-20","438.0","432.0","441.0","431.0","8.89M","1.39%"
"2020-01-17","432.0","435.0","439.0","431.0","8.59M","-0.69%"
"2020-01-16","435.0","433.0","440.0","433.0","7.82M","0.46%"
"2020-01-15","433.0","433.0","434.0","430.0","8.70M","-0.46%"
"2020-01-14","435.0","441.0","441.0","434.0","8.24M","-1.81%"
"2020-01-10","443.0","445.0","445.0","440.0","4.50M","-0.45%"
"2020-01-09","445.0","452.0","452.0","444.0","6.51M","0.00%"
"2020-01-08","445.0","450.0","450.0","438.0","9.73M","-2.20%"
"2020-01-07","455.0","461.0","464.0","453.0","9.35M","-0.22%"
"2020-01-06","456.0","462.0","464.0","455.0","7.20M","-2.36%"
"2019-12-30","467.0","469.0","470.0","466.0","4.65M","-1.06%"
"2019-12-27","472.0","471.0","474.0","467.0","5.06M","1.07%"
"2019-12-26","467.0","464.0","470.0","462.0","5.66M","0.21%"
"2019-12-25","466.0","470.0","470.0","466.0","3.12M","-1.06%"
"2019-12-24","471.0","472.0","473.0","469.0","4.68M","-0.63%"
"2019-12-23","474.0","475.0","476.0","472.0","5.13M","-0.42%"
"2019-12-20","476.0","482.0","482.0","474.0","8.66M","-0.83%"
"2019-12-19","480.0","482.0","484.0","480.0","5.14M","-1.23%"
"2019-12-18","486.0","484.0","487.0","480.0","5.71M","0.41%"
"2019-12-17","484.0","486.0","487.0","478.0","6.32M","0.00%"
"2019-12-16","484.0","490.0","491.0","483.0","4.88M","-0.82%"
"2019-12-13","488.0","484.0","488.0","482.0","10.69M","2.52%"
"2019-12-12","476.0","480.0","481.0","476.0","5.73M","-0.83%"
"2019-12-11","480.0","478.0","482.0","476.0","5.61M","0.42%"
"2019-12-10","478.0","490.0","490.0","477.0","7.80M","-2.45%"
"2019-12-09","490.0","485.0","491.0","482.0","7.41M","0.41%"
"2019-12-06","488.0","487.0","498.0","486.0","8.98M","0.21%"
"2019-12-05","487.0","490.0","491.0","482.0","11.13M","-0.41%"
"2019-12-04","489.0","479.0","490.0","470.0","16.91M","3.16%"
"2019-12-03","474.0","476.0","478.0","468.0","10.95M","-1.86%"
"2019-12-02","483.0","480.0","487.0","479.0","5.31M","0.63%"
"2019-11-29","480.0","482.0","487.0","479.0","4.89M","-0.41%"
"2019-11-28","482.0","487.0","489.0","480.0","5.98M","-0.62%"
"2019-11-27","485.0","474.0","486.0","474.0","6.92M","2.32%"
"2019-11-26","474.0","477.0","480.0","473.0","8.37M","0.21%"
"2019-11-25","473.0","472.0","476.0","471.0","5.27M","1.07%"
"2019-11-22","468.0","475.0","478.0","467.0","8.37M","-2.09%"
"2019-11-21","478.0","476.0","478.0","469.0","8.95M","-0.21%"
"2019-11-20","479.0","486.0","488.0","479.0","6.86M","-1.84%"
"2019-11-19","488.0","489.0","491.0","484.0","6.07M","-0.20%"
"2019-11-18","489.0","494.0","494.0","484.0","9.05M","-0.81%"
"2019-11-15","493.0","486.0","495.0","485.0","6.62M","1.86%"
"2019-11-14","484.0","492.0","497.0","482.0","9.62M","-1.43%"
"2019-11-13","491.0","502.0","502.0","491.0","9.57M","-2.39%"
"2019-11-12","503.0","507.0","507.0","502.0","6.04M","-1.37%"
"2019-11-11","510.0","509.0","514.0","508.0","5.16M","0.59%"
"2019-11-08","507.0","510.0","510.0","503.0","5.79M","-0.20%"
"2019-11-07","508.0","515.0","515.0","507.0","5.81M","-1.55%"
"2019-11-06","516.0","512.0","516.0","511.0","5.42M","0.78%"
"2019-11-05","512.0","509.0","513.0","505.0","6.83M","1.39%"
"2019-11-01","505.0","502.0","511.0","500.0","6.95M","0.60%"
"2019-10-31","502.0","508.0","509.0","501.0","8.64M","-1.57%"
"2019-10-30","510.0","515.0","519.0","509.0","8.14M","-0.97%"
"2019-10-29","515.0","529.0","529.0","512.0","8.79M","-2.09%"
"2019-10-28","526.0","528.0","528.0","524.0","3.79M","-0.57%"
"2019-10-25","529.0","526.0","529.0","524.0","4.04M","0.00%"
"2019-10-24","529.0","533.0","534.0","528.0","4.62M","0.00%"
"2019-10-23","529.0","538.0","542.0","529.0","7.03M","-1.67%"
"2019-10-21","538.0","534.0","539.0","533.0","4.52M","1.32%"
"2019-10-18","531.0","534.0","537.0","528.0","5.78M","-0.19%"
"2019-10-17","532.0","542.0","542.0","530.0","7.40M","-1.66%"
"2019-10-16","541.0","545.0","555.0","536.0","13.26M","0.19%"
"2019-10-15","540.0","537.0","542.0","536.0","6.02M","1.12%"
"2019-10-11","534.0","540.0","542.0","534.0","6.01M","-1.11%"
"2019-10-10","540.0","537.0","543.0","534.0","4.69M","0.37%"
"2019-10-09","538.0","534.0","540.0","533.0","4.74M","0.00%"
"2019-10-08","538.0","538.0","542.0","536.0","5.67M","0.56%"
"2019-10-07","535.0","534.0","540.0","530.0","4.15M","0.19%"
"2019-10-04","534.0","525.0","534.0","523.0","5.76M","1.33%"
"2019-10-03","527.0","528.0","528.0","522.0","5.45M","-1.86%"
"2019-10-02","537.0","529.0","541.0","529.0","5.51M","0.56%"
"2019-10-01","534.0","536.0","545.0","533.0","5.93M","0.95%"
"2019-09-30","529.0","540.0","540.0","525.0","10.29M","-3.64%"
"2019-09-27","549.0","552.0","553.0","541.0","8.78M","-0.72%"
"2019-09-26","553.0","563.0","563.0","551.0","8.78M","-1.43%"
"2019-09-25","561.0","555.0","566.0","553.0","8.55M","1.81%"
"2019-09-24","551.0","559.0","563.0","550.0","8.23M","-0.90%"
"2019-09-20","556.0","559.0","559.0","552.0","9.66M","0.91%"
"2019-09-19","551.0","549.0","561.0","548.0","11.44M","0.92%"
"2019-09-18","546.0","555.0","557.0","539.0","6.90M","-0.73%"
"2019-09-17","550.0","545.0","552.0","541.0","9.25M","-0.54%"
"2019-09-13","553.0","544.0","553.0","541.0","9.64M","1.84%"
"2019-09-12","543.0","542.0","553.0","536.0","12.57M","1.31%"
"2019-09-11","536.0","516.0","538.0","516.0","13.45M","4.89%"
"2019-09-10","511.0","508.0","511.0","506.0","5.33M","0.79%"
"2019-09-09","507.0","505.0","509.0","502.0","3.94M","-0.20%"
"2019-09-06","508.0","517.0","518.0","508.0","5.22M","-2.12%"
"2019-09-05","519.0","511.0","520.0","508.0","6.90M","0.78%"
"2019-09-04","515.0","517.0","518.0","509.0","5.76M","0.39%"
"2019-09-03","513.0","507.0","516.0","506.0","5.31M","1.58%"
"2019-09-02","505.0","502.0","506.0","501.0","2.71M","-0.20%"
"2019-08-30","506.0","506.0","507.0","497.0","6.41M","0.80%"
"2019-08-29","502.0","510.0","511.0","501.0","5.21M","-0.59%"
"2019-08-28","505.0","493.0","507.0","493.0","6.64M","2.43%"
"2019-08-27","493.0","486.0","498.0","486.0","7.45M","1.23%"
"2019-08-26","487.0","472.0","489.0","471.0","7.27M","0.62%"
"2019-08-23","484.0","485.0","489.0","482.0","5.98M","-1.22%"
"2019-08-22","490.0","492.0","493.0","483.0","6.54M","0.41%"
"2019-08-21","488.0","497.0","497.0","478.0","10.29M","-1.81%"
"2019-08-20","497.0","511.0","511.0","495.0","8.50M","-2.93%"
"2019-08-19","512.0","513.0","517.0","509.0","3.82M","0.00%"
"2019-08-16","512.0","510.0","513.0","507.0","3.81M","0.20%"
"2019-08-15","511.0","505.0","512.0","504.0","3.87M","-0.39%"
"2019-08-14","513.0","519.0","519.0","510.0","5.58M","-0.77%"
"2019-08-13","517.0","515.0","519.0","508.0","6.71M","0.39%"
"2019-08-09","515.0","510.0","518.0","510.0","4.82M","0.78%"
"2019-08-08","511.0","515.0","517.0","503.0","7.04M","-0.78%"
"2019-08-07","515.0","509.0","517.0","507.0","7.23M","1.58%"
"2019-08-06","507.0","495.0","508.0","493.0","7.60M","0.20%"
"2019-08-05","506.0","508.0","510.0","497.0","9.01M","-1.36%"
"2019-08-02","513.0","507.0","513.0","505.0","6.30M","-0.19%"
"2019-08-01","514.0","520.0","520.0","508.0","8.33M","-2.10%"
"2019-07-31","525.0","514.0","531.0","513.0","8.63M","1.74%"
"2019-07-30","516.0","513.0","519.0","511.0","4.89M","0.78%"
"2019-07-29","512.0","511.0","518.0","509.0","4.81M","0.59%"
"2019-07-26","509.0","507.0","514.0","506.0","7.32M","-0.39%"
"2019-07-25","511.0","505.0","513.0","503.0","7.53M","0.99%"
"2019-07-24","506.0","510.0","511.0","504.0","6.70M","-1.36%"
"2019-07-23","513.0","511.0","519.0","505.0","7.67M","-0.19%"
"2019-07-22","514.0","524.0","527.0","513.0","7.49M","-2.47%"
"2019-07-19","527.0","516.0","528.0","515.0","9.16M","2.33%"
"2019-07-18","515.0","532.0","533.0","512.0","11.16M","-3.20%"
"2019-07-17","532.0","535.0","541.0","529.0","6.92M","-1.48%"
"2019-07-16","540.0","546.0","547.0","536.0","5.90M","-1.82%"
"2019-07-12","550.0","550.0","551.0","546.0","3.57M","-0.54%"
"2019-07-11","553.0","543.0","556.0","543.0","6.60M","1.47%"
"2019-07-10","545.0","545.0","547.0","540.0","6.17M","0.00%"
"2019-07-09","545.0","545.0","551.0","540.0","11.02M","0.18%"
"2019-07-08","544.0","557.0","558.0","543.0","9.86M","-2.68%"
"2019-07-05","559.0","568.0","570.0","559.0","5.82M","-1.24%"
"2019-07-04","566.0","564.0","567.0","561.0","3.36M","1.25%"
"2019-07-03","559.0","565.0","567.0","556.0","5.14M","-0.53%"
"2019-07-02","562.0","567.0","572.0","559.0","5.23M","-0.88%"
"2019-07-01","567.0","569.0","570.0","562.0","3.80M","0.89%"
"2019-06-28","562.0","557.0","566.0","554.0","6.15M","0.54%"
"2019-06-27","559.0","550.0","559.0","546.0","6.13M","1.27%"
"2019-06-26","552.0","556.0","556.0","549.0","5.29M","-1.78%"
"2019-06-25","562.0","565.0","569.0","558.0","5.23M","-0.88%"
"2019-06-24","567.0","571.0","574.0","564.0","4.99M","-1.73%"
"2019-06-21","577.0","570.0","579.0","565.0","12.70M","1.94%"
"2019-06-20","566.0","554.0","568.0","552.0","7.02M","2.54%"
"2019-06-19","552.0","546.0","558.0","543.0","6.89M","2.99%"
"2019-06-18","536.0","563.0","564.0","536.0","9.83M","-5.80%"
"2019-06-17","569.0","569.0","576.0","568.0","4.03M","-0.52%"
"2019-06-14","572.0","579.0","580.0","571.0","5.44M","-1.04%"
"2019-06-13","578.0","581.0","588.0","575.0","7.68M","-1.53%"
"2019-06-12","587.0","590.0","595.0","585.0","5.99M","0.00%"
"2019-06-11","587.0","589.0","589.0","584.0","5.70M","0.51%"
"2019-06-10","584.0","578.0","586.0","577.0","4.80M","1.57%"
"2019-06-07","575.0","576.0","578.0","566.0","5.05M","-0.35%"
"2019-06-06","577.0","585.0","585.0","575.0","4.23M","-0.17%"
"2019-06-05","578.0","585.0","586.0","572.0","5.67M","-0.34%"
"2019-06-04","580.0","576.0","586.0","574.0","6.41M","1.58%"
"2019-06-03","571.0","551.0","573.0","550.0","8.23M","2.33%"
"2019-05-31","558.0","565.0","565.0","553.0","8.95M","-2.11%"
"2019-05-30","570.0","574.0","580.0","570.0","6.32M","-2.06%"
"2019-05-29","582.0","585.0","589.0","575.0","7.81M","-3.16%"
"2019-05-28","601.0","606.0","609.0","597.0","11.20M","-0.83%"
"2019-05-27","606.0","598.0","607.0","598.0","3.58M","1.34%"
"2019-05-24","598.0","603.0","608.0","598.0","5.98M","-0.99%"
"2019-05-23","604.0","597.0","607.0","597.0","7.75M","1.00%"
"2019-05-22","598.0","589.0","598.0","587.0","7.38M","2.22%"
"2019-05-21","585.0","595.0","598.0","583.0","8.20M","-1.85%"
"2019-05-20","596.0","595.0","598.0","590.0","4.50M","0.51%"
"2019-05-17","593.0","601.0","602.0","592.0","7.07M","-0.67%"
"2019-05-16","597.0","582.0","600.0","582.0","7.80M","2.05%"
"2019-05-15","585.0","584.0","587.0","575.0","9.31M","-0.17%"
"2019-05-14","586.0","577.0","588.0","576.0","7.91M","-0.17%"
"2019-05-13","587.0","581.0","588.0","571.0","7.14M","0.34%"
"2019-05-10","585.0","579.0","594.0","577.0","12.63M","1.56%"
"2019-05-09","576.0","599.0","599.0","572.0","13.64M","-4.79%"
"2019-05-08","605.0","603.0","618.0","600.0","11.15M","-1.14%"
"2019-05-07","612.0","621.0","630.0","608.0","12.35M","-2.55%"
"2019-04-26","628.0","612.0","628.0","609.0","11.29M","2.61%"
"2019-04-25","612.0","603.0","613.0","601.0","7.84M","0.82%"
"2019-04-24","607.0","639.0","640.0","600.0","15.94M","-4.11%"
"2019-04-23","633.0","630.0","640.0","629.0","7.11M","0.80%"
"2019-04-22","628.0","616.0","629.0","613.0","6.61M","1.45%"
"2019-04-19","619.0","620.0","625.0","613.0","5.90M","-0.64%"
"2019-04-18","623.0","624.0","628.0","619.0","7.66M","-0.80%"
"2019-04-17","628.0","632.0","634.0","621.0","10.55M","-1.41%"
"2019-04-16","637.0","643.0","646.0","635.0","6.84M","-1.09%"
"2019-04-15","644.0","648.0","651.0","640.0","7.43M","-0.31%"
"2019-04-12","646.0","652.0","654.0","642.0","7.63M","0.00%"
"2019-04-11","646.0","645.0","652.0","640.0","6.98M","-0.46%"
"2019-04-10","649.0","647.0","655.0","645.0","7.29M","0.15%"
"2019-04-09","648.0","662.0","662.0","646.0","11.48M","-2.85%"
"2019-04-08","667.0","665.0","668.0","662.0","5.55M","0.30%"
"2019-04-05","665.0","667.0","670.0","660.0","6.98M","0.61%"
"2019-04-04","661.0","675.0","675.0","658.0","9.87M","-2.51%"
"2019-04-03","678.0","682.0","687.0","670.0","7.89M","-0.59%"
"2019-04-02","682.0","708.0","709.0","680.0","13.11M","-3.54%"
"2019-04-01","707.0","707.0","716.0","706.0","7.54M","1.00%"
"2019-03-29","700.0","706.0","714.0","696.0","7.93M","-1.13%"
"2019-03-28","708.0","710.0","712.0","703.0","7.72M","-1.39%"
"2019-03-27","718.0","721.0","724.0","706.0","8.60M","0.28%"
"2019-03-26","716.0","706.0","723.0","706.0","13.01M","1.85%"
"2019-03-25","703.0","702.0","707.0","699.0","6.70M","-0.71%"
"2019-03-22","708.0","701.0","708.0","696.0","9.14M","1.72%"
"2019-03-20","696.0","698.0","700.0","693.0","6.94M","0.43%"
"2019-03-19","693.0","703.0","703.0","693.0","7.45M","-2.12%"
"2019-03-18","708.0","704.0","708.0","697.0","7.01M","0.85%"
"2019-03-15","702.0","708.0","710.0","700.0","12.04M","0.14%"
"2019-03-14","701.0","705.0","710.0","700.0","6.82M","0.14%"
"2019-03-13","700.0","696.0","709.0","692.0","8.07M","-0.43%"
"2019-03-12","703.0","696.0","708.0","695.0","10.01M","2.48%"
"2019-03-11","686.0","667.0","688.0","666.0","8.76M","3.78%"
"2019-03-08","661.0","674.0","678.0","658.0","10.03M","-2.94%"
"2019-03-07","681.0","683.0","688.0","679.0","5.05M","-0.15%"
"2019-03-06","682.0","678.0","682.0","675.0","4.14M","0.44%"
"2019-03-05","679.0","681.0","686.0","677.0","6.17M","-1.02%"
"2019-03-04","686.0","688.0","689.0","675.0","7.15M","-0.29%"
"2019-03-01","688.0","697.0","699.0","687.0","7.78M","-0.86%"
"2019-02-28","694.0","700.0","703.0","690.0","9.83M","-0.86%"
"2019-02-27","700.0","697.0","706.0","696.0","9.07M","0.86%"
"2019-02-26","694.0","685.0","699.0","683.0","7.27M","1.17%"
"2019-02-25","686.0","679.0","688.0","675.0","7.39M","1.93%"
"2019-02-22","673.0","675.0","678.0","670.0","5.95M","0.00%"
"2019-02-21","673.0","669.0","678.0","666.0","8.57M","0.45%"
"2019-02-20","670.0","662.0","673.0","660.0","7.79M","1.82%"
"2019-02-19","658.0","656.0","665.0","655.0","7.13M","0.61%"
"2019-02-18","654.0","658.0","664.0","653.0","5.94M","0.46%"
"2019-02-15","651.0","652.0","653.0","639.0","10.45M","-0.31%"
"2019-02-14","653.0","659.0","664.0","645.0","11.56M","-1.36%"
"2019-02-13","662.0","660.0","668.0","654.0","9.50M","-0.90%"
"2019-02-12","668.0","656.0","671.0","648.0","8.65M","1.06%"
"2019-02-08","661.0","665.0","668.0","656.0","13.10M","-1.64%"
"2019-02-07","672.0","672.0","682.0","666.0","12.99M","0.30%"
"2019-02-06","670.0","677.0","678.0","659.0","12.42M","-0.89%"
"2019-02-05","676.0","680.0","688.0","673.0","13.54M","-0.59%"
"2019-02-04","680.0","668.0","682.0","662.0","23.56M","2.56%"
"2019-02-01","663.0","668.0","675.0","652.0","24.72M","-0.90%"
"2019-01-31","669.0","710.0","717.0","668.0","42.74M","-7.98%"
"2019-01-30","727.0","744.0","755.0","723.0","23.10M","-2.94%"
"2019-01-29","749.0","728.0","750.0","720.0","25.17M","3.74%"
"2019-01-28","722.0","755.0","757.0","719.0","20.02M","-3.86%"
"2019-01-25","751.0","740.0","755.0","737.0","15.85M","1.90%"
"2019-01-24","737.0","731.0","740.0","720.0","10.56M","1.24%"
"2019-01-23","728.0","732.0","738.0","717.0","14.60M","-0.27%"
"2019-01-22","730.0","747.0","765.0","726.0","36.20M","-1.35%"
"2019-01-21","740.0","746.0","757.0","735.0","14.65M","-0.27%"
"2019-01-18","742.0","734.0","757.0","733.0","19.79M","0.27%"
"2019-01-17","740.0","721.0","741.0","711.0","14.95M","2.35%"
"2019-01-16","723.0","711.0","726.0","706.0","15.94M","1.83%"
"2019-01-15","710.0","746.0","749.0","709.0","21.13M","-4.18%"
"2019-01-11","741.0","726.0","741.0","720.0","17.08M","1.93%"
"2019-01-10","727.0","716.0","731.0","710.0","15.16M","0.28%"
"2019-01-09","725.0","720.0","728.0","715.0","16.25M","1.68%"
"2019-01-08","713.0","692.0","717.0","685.0","16.32M","2.59%"
"2019-01-07","695.0","710.0","713.0","689.0","16.30M","-0.43%"
"2019-01-04","698.0","652.0","699.0","652.0","25.58M","6.89%"
"2018-12-28","653.0","665.0","670.0","646.0","12.96M","-2.25%"
"2018-12-27","668.0","666.0","674.0","656.0","12.96M","3.73%"
"2018-12-26","644.0","650.0","667.0","634.0","13.00M","-0.31%"
"2018-12-25","646.0","639.0","652.0","627.0","18.71M","-3.44%"
"2018-12-21","669.0","700.0","701.0","668.0","23.83M","-4.84%"
"2018-12-20","703.0","709.0","733.0","693.0","21.29M","-1.82%"
"2018-12-19","716.0","735.0","739.0","702.0","21.24M","-2.32%"
"2018-12-18","733.0","755.0","758.0","727.0","25.20M","-3.93%"
"2018-12-17","763.0","750.0","767.0","745.0","22.39M","2.97%"
"2018-12-14","741.0","727.0","745.0","726.0","20.77M","0.82%"
"2018-12-13","735.0","742.0","755.0","729.0","26.26M","-0.54%"
"2018-12-12","739.0","690.0","739.0","687.0","41.62M","7.88%"
"2018-12-11","685.0","685.0","695.0","682.0","11.78M","-0.44%"
"2018-12-10","688.0","686.0","697.0","681.0","13.91M","-0.72%"
"2018-12-07","693.0","684.0","693.0","674.0","14.99M","2.67%"
"2018-12-06","675.0","670.0","678.0","667.0","10.72M","0.00%"
"2018-12-05","675.0","656.0","682.0","655.0","14.44M","1.81%"
"2018-12-04","663.0","690.0","692.0","661.0","19.41M","-4.33%"
"2018-12-03","693.0","696.0","699.0","687.0","11.37M","0.58%"
"2018-11-30","689.0","695.0","700.0","681.0","23.08M","0.00%"
"2018-11-29","689.0","684.0","693.0","679.0","17.32M","1.03%"
"2018-11-28","682.0","670.0","686.0","667.0","15.27M","1.19%"
"2018-11-27","674.0","661.0","674.0","653.0","11.49M","1.51%"
"2018-11-26","664.0","667.0","680.0","661.0","11.03M","-0.60%"
"2018-11-22","668.0","663.0","669.0","653.0","8.88M","0.60%"
"2018-11-21","664.0","671.0","681.0","649.0","21.67M","0.30%"
"2018-11-20","662.0","633.0","664.0","632.0","18.86M","3.44%"
"2018-11-19","640.0","648.0","651.0","636.0","9.37M","-0.16%"
"2018-11-16","641.0","647.0","656.0","634.0","18.89M","-0.93%"
"2018-11-15","647.0","638.0","649.0","626.0","18.16M","2.70%"
"2018-11-14","630.0","597.0","631.0","595.0","29.66M","6.78%"
"2018-11-13","590.0","594.0","601.0","583.0","12.63M","-1.34%"
"2018-11-12","598.0","600.0","603.0","594.0","11.63M","0.84%"
"2018-11-09","593.0","586.0","605.0","585.0","26.55M","1.54%"
"2018-11-08","584.0","572.0","584.0","572.0","11.66M","2.82%"
"2018-11-07","568.0","573.0","579.0","565.0","9.03M","-1.39%"
"2018-11-06","576.0","576.0","581.0","575.0","7.50M","1.05%"
"2018-11-05","570.0","561.0","574.0","554.0","11.07M","0.53%"
"2018-11-02","567.0","573.0","574.0","564.0","13.71M","-1.90%"
"2018-11-01","578.0","578.0","583.0","574.0","10.22M","0.00%"
"2018-10-31","578.0","571.0","578.0","561.0","12.16M","0.00%"
"2018-10-30","578.0","583.0","588.0","573.0","11.45M","-0.86%"
"2018-10-29","583.0","576.0","587.0","575.0","12.43M","1.92%"
"2018-10-26","572.0","577.0","577.0","566.0","14.16M","0.00%"
"2018-10-25","572.0","568.0","579.0","561.0","12.72M","-0.52%"
"2018-10-24","575.0","577.0","581.0","573.0","11.74M","-0.17%"
"2018-10-23","576.0","582.0","583.0","572.0","15.09M","-1.87%"
"2018-10-22","587.0","595.0","597.0","587.0","12.96M","-0.51%"
"2018-10-19","590.0","586.0","590.0","579.0","14.07M","0.68%"
"2018-10-18","586.0","589.0","592.0","582.0","14.45M","0.51%"
"2018-10-17","583.0","585.0","592.0","578.0","18.64M","1.22%"
"2018-10-16","576.0","570.0","577.0","569.0","13.07M","1.77%"
"2018-10-15","566.0","566.0","574.0","563.0","15.07M","0.18%"
"2018-10-12","565.0","574.0","575.0","557.0","18.87M","-1.57%"
"2018-10-11","574.0","567.0","578.0","565.0","16.92M","-2.21%"
"2018-10-10","587.0","572.0","590.0","571.0","19.36M","3.16%"
"2018-10-09","569.0","579.0","583.0","564.0","14.86M","-1.39%"
"2018-10-05","577.0","568.0","579.0","566.0","17.10M","1.94%"
"2018-10-04","566.0","562.0","570.0","560.0","14.84M","1.25%"
"2018-10-03","559.0","555.0","572.0","555.0","21.18M","0.90%"
"2018-10-02","554.0","552.0","556.0","549.0","12.42M","1.09%"
"2018-10-01","548.0","557.0","557.0","547.0","9.45M","-1.79%"
"2018-09-28","558.0","551.0","560.0","547.0","23.68M","2.39%"
"2018-09-27","545.0","540.0","548.0","539.0","10.62M","0.93%"
"2018-09-26","540.0","538.0","542.0","535.0","9.73M","-0.37%"
"2018-09-25","542.0","538.0","544.0","537.0","11.71M","0.74%"
"2018-09-21","538.0","536.0","540.0","532.0","12.49M","0.56%"
"2018-09-20","535.0","534.0","538.0","530.0","10.83M","0.00%"
"2018-09-19","535.0","538.0","541.0","533.0","12.97M","0.38%"
"2018-09-18","533.0","519.0","534.0","517.0","13.09M","2.50%"
"2018-09-14","520.0","517.0","522.0","513.0","13.56M","1.17%"
"2018-09-13","514.0","504.0","519.0","504.0","14.30M","2.39%"
"2018-09-12","502.0","501.0","504.0","498.0","11.39M","0.60%"
"2018-09-11","499.0","497.0","503.0","495.0","5.93M","0.20%"
"2018-09-10","498.0","495.0","500.0","493.0","11.15M","0.61%"
"2018-09-07","495.0","482.0","499.0","481.0","14.76M","1.43%"
"2018-09-06","488.0","498.0","499.0","486.0","13.89M","-2.20%"
"2018-09-05","499.0","505.0","505.0","496.0","13.00M","-1.77%"
"2018-09-04","508.0","513.0","513.0","504.0","7.31M","-0.59%"
"2018-09-03","511.0","509.0","513.0","505.0","14.04M","-0.58%"
"2018-08-31","514.0","521.0","522.0","513.0","8.40M","-1.91%"
"2018-08-30","524.0","528.0","528.0","522.0","9.82M","-0.19%"
"2018-08-29","525.0","531.0","533.0","524.0","9.00M","-0.76%"
"2018-08-28","529.0","537.0","540.0","529.0","8.98M","-1.12%"
"2018-08-27","535.0","530.0","537.0","530.0","6.63M","0.94%"
"2018-08-24","530.0","535.0","537.0","528.0","8.71M","-0.19%"
"2018-08-23","531.0","541.0","544.0","530.0","11.23M","-1.67%"
"2018-08-22","540.0","541.0","542.0","537.0","7.26M","0.19%"
"2018-08-21","539.0","539.0","544.0","536.0","7.71M","-0.19%"
"2018-08-20","540.0","540.0","545.0","537.0","6.17M","0.00%"
"2018-08-17","540.0","536.0","543.0","532.0","11.06M","1.12%"
"2018-08-16","534.0","527.0","535.0","522.0","14.83M","0.56%"
"2018-08-15","531.0","535.0","541.0","525.0","15.83M","-0.38%"
"2018-08-14","533.0","531.0","535.0","530.0","8.78M","0.76%"
"2018-08-13","529.0","530.0","532.0","522.0","14.48M","-0.94%"
"2018-08-10","534.0","532.0","539.0","527.0","10.85M","-0.37%"
"2018-08-09","536.0","538.0","539.0","527.0","9.78M","-0.37%"
"2018-08-08","538.0","547.0","553.0","537.0","13.69M","-2.18%"
"2018-08-07","550.0","542.0","550.0","538.0","11.13M","0.36%"
"2018-08-06","548.0","547.0","553.0","545.0","9.54M","0.18%"
"2018-08-03","547.0","554.0","556.0","542.0","15.93M","-1.44%"
"2018-08-02","555.0","547.0","559.0","544.0","26.61M","2.02%"
"2018-08-01","544.0","533.0","547.0","531.0","12.31M","1.87%"
"2018-07-31","534.0","538.0","538.0","527.0","16.81M","-0.37%"
"2018-07-30","536.0","546.0","550.0","533.0","16.87M","-0.37%"
"2018-07-27","538.0","536.0","544.0","531.0","17.02M","0.37%"
"2018-07-26","536.0","522.0","543.0","520.0","24.29M","3.47%"
"2018-07-25","518.0","519.0","525.0","517.0","8.62M","0.58%"
"2018-07-24","515.0","517.0","521.0","514.0","6.94M","0.39%"
"2018-07-23","513.0","512.0","516.0","509.0","9.40M","-0.39%"
"2018-07-20","515.0","517.0","519.0","511.0","13.34M","0.39%"
"2018-07-19","513.0","518.0","519.0","512.0","6.43M","-1.16%"
"2018-07-18","519.0","520.0","526.0","517.0","10.35M","0.58%"
"2018-07-17","516.0","508.0","518.0","507.0","10.18M","1.38%"
"2018-07-13","509.0","518.0","520.0","509.0","11.49M","-2.12%"
"2018-07-12","520.0","523.0","528.0","520.0","7.73M","0.39%"
"2018-07-11","518.0","522.0","523.0","514.0","11.93M","-0.96%"
"2018-07-10","523.0","534.0","540.0","523.0","20.32M","-1.32%"
"2018-07-09","530.0","529.0","540.0","526.0","14.28M","1.15%"
"2018-07-06","524.0","513.0","527.0","513.0","18.53M","2.14%"
"2018-07-05","513.0","517.0","518.0","512.0","8.46M","-0.39%"
"2018-07-04","515.0","513.0","519.0","512.0","8.16M","0.39%"
"2018-07-03","513.0","514.0","514.0","507.0","9.39M","0.39%"
"2018-07-02","511.0","515.0","522.0","510.0","9.35M","-0.97%"
"2018-06-29","516.0","516.0","520.0","511.0","9.26M","0.00%"
"2018-06-28","516.0","521.0","522.0","513.0","8.17M","-0.96%"
"2018-06-27","521.0","520.0","524.0","515.0","9.88M","0.19%"
"2018-06-26","520.0","506.0","521.0","504.0","10.24M","2.16%"
"2018-06-25","509.0","514.0","518.0","508.0","7.28M","-0.39%"
"2018-06-22","511.0","510.0","513.0","508.0","9.76M","0.20%"
"2018-06-21","510.0","514.0","516.0","508.0","8.90M","-0.78%"
"2018-06-20","514.0","507.0","514.0","507.0","11.05M","1.58%"
"2018-06-19","506.0","501.0","514.0","501.0","13.40M","0.00%"
"2018-06-18","506.0","504.0","511.0","497.0","13.41M","-0.20%"
"2018-06-15","507.0","516.0","517.0","506.0","17.07M","-1.36%"
"2018-06-14","514.0","518.0","529.0","512.0","20.93M","-0.77%"
"2018-06-13","518.0","506.0","520.0","503.0","20.08M","2.17%"
"2018-06-12","507.0","510.0","520.0","505.0","21.06M","-1.36%"
"2018-06-11","514.0","552.0","556.0","510.0","47.42M","0.59%"
"2018-06-08","511.0","506.0","514.0","502.0","20.58M","-0.58%"
"2018-06-07","514.0","508.0","518.0","507.0","17.82M","1.78%"
"2018-06-06","505.0","503.0","513.0","498.0","15.55M","0.20%"
"2018-06-05","504.0","509.0","509.0","495.0","20.92M","-1.18%"
"2018-06-04","510.0","517.0","523.0","508.0","15.02M","-0.58%"
"2018-06-01","513.0","509.0","519.0","504.0","21.73M","-0.77%"
"2018-05-31","517.0","530.0","531.0","514.0","20.48M","-1.90%"
"2018-05-30","527.0","519.0","529.0","514.0","23.23M","-0.57%"
"2018-05-29","530.0","535.0","541.0","525.0","17.04M","-1.67%"
"2018-05-28","539.0","537.0","545.0","530.0","16.70M","0.19%"
"2018-05-25","538.0","539.0","546.0","532.0","17.21M","-0.37%"
"2018-05-24","540.0","548.0","551.0","537.0","18.63M","-1.46%"
"2018-05-23","548.0","558.0","561.0","543.0","22.67M","-1.62%"
"2018-05-22","557.0","580.0","582.0","556.0","34.16M","-3.63%"
"2018-05-21","578.0","584.0","597.0","577.0","26.00M","-1.37%"
"2018-05-18","586.0","575.0","593.0","572.0","26.80M","1.74%"
"2018-05-17","576.0","585.0","585.0","566.0","23.73M","-0.52%"
"2018-05-16","579.0","577.0","588.0","568.0","25.73M","0.17%"
"2018-05-15","578.0","582.0","598.0","570.0","46.91M","-1.53%"
"2018-05-14","587.0","565.0","589.0","559.0","34.91M","4.45%"
"2018-05-11","562.0","543.0","568.0","542.0","30.60M","3.12%"
"2018-05-10","545.0","537.0","555.0","528.0","40.00M","-0.37%"
"2018-05-09","547.0","598.0","599.0","543.0","72.81M","-8.38%"
"2018-05-08","597.0","566.0","598.0","560.0","58.43M","5.66%"
"2018-05-07","565.0","537.0","565.0","535.0","38.35M","4.63%"
"2018-05-02","540.0","551.0","559.0","533.0","41.98M","-1.10%"
"2018-05-01","546.0","523.0","546.0","522.0","31.60M","4.80%"
"2018-04-27","521.0","498.0","523.0","495.0","43.38M","5.89%"
"2018-04-26","492.0","478.0","494.0","475.0","20.70M","2.50%"
"2018-04-25","480.0","474.0","483.0","474.0","15.68M","0.00%"
"2018-04-24","480.0","470.0","480.0","466.0","15.62M","2.78%"
"2018-04-23","467.0","458.0","468.0","458.0","13.07M","2.41%"
"2018-04-20","456.0","460.0","463.0","453.0","16.50M","-0.22%"
"2018-04-19","457.0","448.0","458.0","447.0","13.98M","1.56%"
"2018-04-18","450.0","437.0","452.0","436.0","20.00M","3.93%"
"2018-04-17","433.0","443.0","449.0","430.0","18.22M","0.70%"
"2018-04-16","430.0","426.0","432.0","425.0","7.41M","1.18%"
"2018-04-13","425.0","423.0","427.0","423.0","5.04M","0.71%"
"2018-04-12","422.0","423.0","423.0","418.0","4.82M","-0.24%"
"2018-04-11","423.0","421.0","429.0","420.0","9.25M","0.48%"
"2018-04-10","421.0","420.0","424.0","418.0","7.49M","0.48%"
"2018-04-09","419.0","412.0","422.0","411.0","10.92M","1.70%"
"2018-04-06","412.0","410.0","415.0","409.0","11.04M","0.49%"
"2018-04-05","410.0","410.0","413.0","405.0","9.14M","0.00%"
"2018-04-04","410.0","408.0","412.0","403.0","13.01M","0.00%"
"2018-04-03","410.0","405.0","412.0","404.0","7.64M","-0.24%"
"2018-04-02","411.0","411.0","414.0","411.0","4.65M","0.24%"
"2018-03-30","410.0","414.0","416.0","409.0","7.00M","-0.73%"
"2018-03-29","413.0","409.0","414.0","407.0","9.49M","1.72%"
"2018-03-28","406.0","389.0","406.0","389.0","12.62M","2.78%"
"2018-03-27","395.0","385.0","397.0","383.0","9.99M","3.13%"
"2018-03-26","383.0","383.0","384.0","378.0","9.65M","-0.52%"
"2018-03-23","385.0","386.0","392.0","383.0","11.90M","-1.79%"
"2018-03-22","392.0","395.0","397.0","390.0","12.15M","-1.51%"
"2018-03-20","398.0","391.0","400.0","391.0","11.75M","2.05%"
"2018-03-19","390.0","389.0","393.0","387.0","7.46M","0.52%"
"2018-03-16","388.0","394.0","394.0","386.0","14.44M","-1.27%"
"2018-03-15","393.0","391.0","395.0","386.0","7.65M","0.00%"
"2018-03-14","393.0","394.0","396.0","392.0","9.80M","-0.51%"
"2018-03-13","395.0","388.0","396.0","388.0","7.42M","1.28%"
"2018-03-12","390.0","387.0","391.0","387.0","7.60M","1.56%"
"2018-03-09","384.0","388.0","391.0","382.0","14.34M","-1.29%"
"2018-03-08","389.0","393.0","395.0","388.0","6.36M","-0.51%"
"2018-03-07","391.0","395.0","398.0","390.0","8.96M","-2.25%"
"2018-03-06","400.0","398.0","402.0","397.0","9.25M","2.30%"
"2018-03-05","391.0","395.0","396.0","388.0","9.46M","-1.26%"
"2018-03-02","396.0","399.0","400.0","394.0","10.11M","-2.22%"
"2018-03-01","405.0","407.0","408.0","403.0","7.04M","-1.70%"
"2018-02-28","412.0","413.0","417.0","410.0","8.05M","-1.20%"
"2018-02-27","417.0","419.0","419.0","414.0","7.52M","0.24%"
"2018-02-26","416.0","412.0","420.0","412.0","7.47M","1.96%"
"2018-02-23","408.0","405.0","411.0","403.0","7.26M","1.75%"
"2018-02-22","401.0","406.0","407.0","400.0","10.07M","-2.67%"
"2018-02-21","412.0","418.0","419.0","409.0","8.82M","-1.20%"
"2018-02-20","417.0","416.0","418.0","413.0","9.73M","0.72%"
"2018-02-19","414.0","408.0","415.0","407.0","9.41M","2.22%"
"2018-02-16","405.0","392.0","406.0","391.0","13.83M","4.38%"
"2018-02-15","388.0","392.0","394.0","388.0","8.76M","-0.26%"
"2018-02-14","389.0","395.0","397.0","387.0","12.72M","-1.52%"
"2018-02-13","395.0","403.0","404.0","394.0","11.89M","-0.75%"
"2018-02-09","398.0","399.0","400.0","395.0","13.50M","-3.63%"
"2018-02-08","413.0","420.0","421.0","411.0","13.18M","-0.72%"
"2018-02-07","416.0","429.0","430.0","415.0","14.64M","-1.19%"
"2018-02-06","421.0","436.0","438.0","416.0","20.12M","-5.18%"
"2018-02-05","444.0","441.0","445.0","440.0","12.01M","-0.67%"
"2018-02-02","447.0","442.0","448.0","440.0","7.83M","0.45%"
"2018-02-01","445.0","445.0","446.0","441.0","6.98M","0.68%"
"2018-01-31","442.0","446.0","447.0","440.0","9.44M","-2.00%"
"2018-01-30","451.0","455.0","455.0","448.0","6.42M","-1.31%"
"2018-01-29","457.0","454.0","457.0","452.0","4.28M","0.00%"
"2018-01-26","457.0","457.0","460.0","455.0","4.22M","-0.22%"
"2018-01-25","458.0","461.0","461.0","456.0","5.76M","-0.43%"
"2018-01-24","460.0","456.0","460.0","455.0","5.29M","0.66%"
"2018-01-23","457.0","456.0","459.0","455.0","5.30M","0.22%"
"2018-01-22","456.0","455.0","457.0","452.0","5.01M","0.22%"
"2018-01-19","455.0","455.0","456.0","450.0","4.64M","0.66%"
"2018-01-18","452.0","459.0","459.0","452.0","7.06M","-1.09%"
"2018-01-17","457.0","456.0","458.0","454.0","5.69M","0.00%"
"2018-01-16","457.0","457.0","459.0","455.0","5.12M","-0.22%"
"2018-01-15","458.0","461.0","462.0","456.0","5.18M","-0.43%"
"2018-01-12","460.0","465.0","465.0","458.0","8.48M","-1.50%"
"2018-01-11","467.0","464.0","468.0","463.0","7.47M","-0.21%"
"2018-01-10","468.0","463.0","471.0","463.0","13.54M","1.30%"
"2018-01-09","462.0","461.0","463.0","459.0","10.03M","0.87%"
"2018-01-05","458.0","452.0","458.0","452.0","10.42M","1.55%"
"2018-01-04","451.0","451.0","452.0","448.0","9.06M","1.12%"